insert into b_form (ID,TIMESTAMP_X,NAME,SID,BUTTON,C_SORT,FIRST_SITE_ID,IMAGE_ID,DESCRIPTION,DESCRIPTION_TYPE,SHOW_TEMPLATE,MAIL_EVENT_TYPE,SHOW_RESULT_TEMPLATE,PRINT_RESULT_TEMPLATE,EDIT_RESULT_TEMPLATE,FILTER_RESULT_TEMPLATE,TABLE_RESULT_TEMPLATE,STAT_EVENT1,STAT_EVENT2,STAT_EVENT3) values(4,TO_DATE('2003-10-03 12:18:45', 'YYYY-MM-DD HH24:MI:SS'),'Анкета посетителя сайта','ANKETA','Сохранить',300,'ru',1053,'Тестовая форма. Предназначена для сбора и хранения данных посетителей сайта.','text','default.php','FORM_FILLING_ANKETA','default.php','default.php','default.php',null,null,'form','anketa',null)
/

insert into b_form_2_site (FORM_ID,SITE_ID) values(4,'ru')
/


insert into b_form_answer (ID,FIELD_ID,TIMESTAMP_X,MESSAGE,C_SORT,ACTIVE,VALUE,FIELD_TYPE,FIELD_WIDTH,FIELD_HEIGHT,FIELD_PARAM) values(586,140,TO_DATE('2003-08-28 11:45:57', 'YYYY-MM-DD HH24:MI:SS'),' ',100,'Y',null,'text',50,0,null)
/
insert into b_form_answer (ID,FIELD_ID,TIMESTAMP_X,MESSAGE,C_SORT,ACTIVE,VALUE,FIELD_TYPE,FIELD_WIDTH,FIELD_HEIGHT,FIELD_PARAM) values(587,141,TO_DATE('2003-09-16 17:27:16', 'YYYY-MM-DD HH24:MI:SS'),' ',100,'Y',null,'date',10,0,null)
/
insert into b_form_answer (ID,FIELD_ID,TIMESTAMP_X,MESSAGE,C_SORT,ACTIVE,VALUE,FIELD_TYPE,FIELD_WIDTH,FIELD_HEIGHT,FIELD_PARAM) values(588,142,TO_DATE('2003-08-25 16:46:52', 'YYYY-MM-DD HH24:MI:SS'),' ',100,'Y',null,'textarea',30,10,null)
/
insert into b_form_answer (ID,FIELD_ID,TIMESTAMP_X,MESSAGE,C_SORT,ACTIVE,VALUE,FIELD_TYPE,FIELD_WIDTH,FIELD_HEIGHT,FIELD_PARAM) values(589,143,TO_DATE('2004-11-11 18:13:21', 'YYYY-MM-DD HH24:MI:SS'),'да',100,'Y',null,'radio',0,0,'SELECTED class="inputradio"')
/
insert into b_form_answer (ID,FIELD_ID,TIMESTAMP_X,MESSAGE,C_SORT,ACTIVE,VALUE,FIELD_TYPE,FIELD_WIDTH,FIELD_HEIGHT,FIELD_PARAM) values(590,143,TO_DATE('2004-11-11 18:13:21', 'YYYY-MM-DD HH24:MI:SS'),'нет',200,'Y',null,'radio',0,0,null)
/
insert into b_form_answer (ID,FIELD_ID,TIMESTAMP_X,MESSAGE,C_SORT,ACTIVE,VALUE,FIELD_TYPE,FIELD_WIDTH,FIELD_HEIGHT,FIELD_PARAM) values(591,144,TO_DATE('2004-11-11 18:11:21', 'YYYY-MM-DD HH24:MI:SS'),'математика',100,'Y','1','checkbox',0,0,null)
/
insert into b_form_answer (ID,FIELD_ID,TIMESTAMP_X,MESSAGE,C_SORT,ACTIVE,VALUE,FIELD_TYPE,FIELD_WIDTH,FIELD_HEIGHT,FIELD_PARAM) values(592,144,TO_DATE('2004-11-11 18:11:21', 'YYYY-MM-DD HH24:MI:SS'),'физика',200,'Y','2','checkbox',0,0,null)
/
insert into b_form_answer (ID,FIELD_ID,TIMESTAMP_X,MESSAGE,C_SORT,ACTIVE,VALUE,FIELD_TYPE,FIELD_WIDTH,FIELD_HEIGHT,FIELD_PARAM) values(593,144,TO_DATE('2004-11-11 18:11:21', 'YYYY-MM-DD HH24:MI:SS'),'история',300,'Y','3','checkbox',0,0,null)
/
insert into b_form_answer (ID,FIELD_ID,TIMESTAMP_X,MESSAGE,C_SORT,ACTIVE,VALUE,FIELD_TYPE,FIELD_WIDTH,FIELD_HEIGHT,FIELD_PARAM) values(594,144,TO_DATE('2004-11-11 18:11:21', 'YYYY-MM-DD HH24:MI:SS'),'иностранные языки',400,'Y','4','checkbox',0,0,null)
/
insert into b_form_answer (ID,FIELD_ID,TIMESTAMP_X,MESSAGE,C_SORT,ACTIVE,VALUE,FIELD_TYPE,FIELD_WIDTH,FIELD_HEIGHT,FIELD_PARAM) values(595,144,TO_DATE('2004-11-11 18:11:21', 'YYYY-MM-DD HH24:MI:SS'),'програмирование',500,'Y','5','checkbox',0,0,'SELECTED class=inputcheckbox')
/
insert into b_form_answer (ID,FIELD_ID,TIMESTAMP_X,MESSAGE,C_SORT,ACTIVE,VALUE,FIELD_TYPE,FIELD_WIDTH,FIELD_HEIGHT,FIELD_PARAM) values(596,145,TO_DATE('2004-11-11 18:12:21', 'YYYY-MM-DD HH24:MI:SS'),'10-19',100,'Y','10','dropdown',0,0,null)
/
insert into b_form_answer (ID,FIELD_ID,TIMESTAMP_X,MESSAGE,C_SORT,ACTIVE,VALUE,FIELD_TYPE,FIELD_WIDTH,FIELD_HEIGHT,FIELD_PARAM) values(597,145,TO_DATE('2004-11-11 18:12:21', 'YYYY-MM-DD HH24:MI:SS'),'20-29',200,'Y','20','dropdown',0,0,'SELECTED')
/
insert into b_form_answer (ID,FIELD_ID,TIMESTAMP_X,MESSAGE,C_SORT,ACTIVE,VALUE,FIELD_TYPE,FIELD_WIDTH,FIELD_HEIGHT,FIELD_PARAM) values(598,145,TO_DATE('2004-11-11 18:12:21', 'YYYY-MM-DD HH24:MI:SS'),'30-39',300,'Y','30','dropdown',0,0,null)
/
insert into b_form_answer (ID,FIELD_ID,TIMESTAMP_X,MESSAGE,C_SORT,ACTIVE,VALUE,FIELD_TYPE,FIELD_WIDTH,FIELD_HEIGHT,FIELD_PARAM) values(599,145,TO_DATE('2004-11-11 18:12:21', 'YYYY-MM-DD HH24:MI:SS'),'40-49',400,'Y','40','dropdown',0,0,null)
/
insert into b_form_answer (ID,FIELD_ID,TIMESTAMP_X,MESSAGE,C_SORT,ACTIVE,VALUE,FIELD_TYPE,FIELD_WIDTH,FIELD_HEIGHT,FIELD_PARAM) values(600,145,TO_DATE('2004-11-11 18:12:21', 'YYYY-MM-DD HH24:MI:SS'),'50-59',500,'Y','50','dropdown',0,0,null)
/
insert into b_form_answer (ID,FIELD_ID,TIMESTAMP_X,MESSAGE,C_SORT,ACTIVE,VALUE,FIELD_TYPE,FIELD_WIDTH,FIELD_HEIGHT,FIELD_PARAM) values(601,145,TO_DATE('2004-11-11 18:12:21', 'YYYY-MM-DD HH24:MI:SS'),'60 и старше',600,'Y','60','dropdown',0,0,null)
/
insert into b_form_answer (ID,FIELD_ID,TIMESTAMP_X,MESSAGE,C_SORT,ACTIVE,VALUE,FIELD_TYPE,FIELD_WIDTH,FIELD_HEIGHT,FIELD_PARAM) values(602,146,TO_DATE('2003-09-12 15:55:02', 'YYYY-MM-DD HH24:MI:SS'),'начальное',100,'Y','1','multiselect',0,0,null)
/
insert into b_form_answer (ID,FIELD_ID,TIMESTAMP_X,MESSAGE,C_SORT,ACTIVE,VALUE,FIELD_TYPE,FIELD_WIDTH,FIELD_HEIGHT,FIELD_PARAM) values(603,146,TO_DATE('2003-09-12 15:55:02', 'YYYY-MM-DD HH24:MI:SS'),'средне-специальное',200,'Y','2','multiselect',0,0,null)
/
insert into b_form_answer (ID,FIELD_ID,TIMESTAMP_X,MESSAGE,C_SORT,ACTIVE,VALUE,FIELD_TYPE,FIELD_WIDTH,FIELD_HEIGHT,FIELD_PARAM) values(604,146,TO_DATE('2003-09-12 15:55:02', 'YYYY-MM-DD HH24:MI:SS'),'высшее',300,'Y','3','multiselect',0,0,'SELECTED')
/
insert into b_form_answer (ID,FIELD_ID,TIMESTAMP_X,MESSAGE,C_SORT,ACTIVE,VALUE,FIELD_TYPE,FIELD_WIDTH,FIELD_HEIGHT,FIELD_PARAM) values(605,146,TO_DATE('2003-09-12 15:55:02', 'YYYY-MM-DD HH24:MI:SS'),'ясли с отличием',400,'Y','0','multiselect',0,0,null)
/
insert into b_form_answer (ID,FIELD_ID,TIMESTAMP_X,MESSAGE,C_SORT,ACTIVE,VALUE,FIELD_TYPE,FIELD_WIDTH,FIELD_HEIGHT,FIELD_PARAM) values(606,147,TO_DATE('2003-08-28 16:49:55', 'YYYY-MM-DD HH24:MI:SS'),' ',100,'Y',null,'text',10,0,null)
/
insert into b_form_answer (ID,FIELD_ID,TIMESTAMP_X,MESSAGE,C_SORT,ACTIVE,VALUE,FIELD_TYPE,FIELD_WIDTH,FIELD_HEIGHT,FIELD_PARAM) values(607,148,TO_DATE('2003-08-25 17:42:19', 'YYYY-MM-DD HH24:MI:SS'),' ',100,'Y',null,'image',30,0,null)
/
insert into b_form_answer (ID,FIELD_ID,TIMESTAMP_X,MESSAGE,C_SORT,ACTIVE,VALUE,FIELD_TYPE,FIELD_WIDTH,FIELD_HEIGHT,FIELD_PARAM) values(608,145,TO_DATE('2004-11-11 18:12:21', 'YYYY-MM-DD HH24:MI:SS'),'-',50,'Y',null,'dropdown',0,0,'NOT_ANSWER class="inputselect"')
/


insert into b_form_field (ID,FORM_ID,TIMESTAMP_X,ACTIVE,TITLE,TITLE_TYPE,SID,C_SORT,ADDITIONAL,REQUIRED,IN_FILTER,IN_RESULTS_TABLE,IN_EXCEL_TABLE,FIELD_TYPE,IMAGE_ID,COMMENTS,FILTER_TITLE,RESULTS_TABLE_TITLE) values(141,4,TO_DATE('2003-09-16 17:27:16', 'YYYY-MM-DD HH24:MI:SS'),'Y','Дата рождения','text','VS_BIRTHDAY',200,'N','Y','Y','Y','Y',null,null,null,null,null)
/
insert into b_form_field (ID,FORM_ID,TIMESTAMP_X,ACTIVE,TITLE,TITLE_TYPE,SID,C_SORT,ADDITIONAL,REQUIRED,IN_FILTER,IN_RESULTS_TABLE,IN_EXCEL_TABLE,FIELD_TYPE,IMAGE_ID,COMMENTS,FILTER_TITLE,RESULTS_TABLE_TITLE) values(140,4,TO_DATE('2003-08-28 11:45:57', 'YYYY-MM-DD HH24:MI:SS'),'Y','<font class="text"><b>Фамилия, имя, отчество</b></font>','html','VS_NAME',100,'N','Y','Y','Y','Y',null,null,null,null,null)
/
insert into b_form_field (ID,FORM_ID,TIMESTAMP_X,ACTIVE,TITLE,TITLE_TYPE,SID,C_SORT,ADDITIONAL,REQUIRED,IN_FILTER,IN_RESULTS_TABLE,IN_EXCEL_TABLE,FIELD_TYPE,IMAGE_ID,COMMENTS,FILTER_TITLE,RESULTS_TABLE_TITLE) values(142,4,TO_DATE('2003-08-25 16:46:52', 'YYYY-MM-DD HH24:MI:SS'),'Y','Адрес','text','VS_ADDRESS',300,'N','Y','Y','Y','Y',null,null,null,null,null)
/
insert into b_form_field (ID,FORM_ID,TIMESTAMP_X,ACTIVE,TITLE,TITLE_TYPE,SID,C_SORT,ADDITIONAL,REQUIRED,IN_FILTER,IN_RESULTS_TABLE,IN_EXCEL_TABLE,FIELD_TYPE,IMAGE_ID,COMMENTS,FILTER_TITLE,RESULTS_TABLE_TITLE) values(144,4,TO_DATE('2004-11-11 18:11:21', 'YYYY-MM-DD HH24:MI:SS'),'Y','Какие области знаний вас интересуют ?','text','VS_INTEREST',500,'N','N','Y','Y','Y',null,null,null,null,null)
/
insert into b_form_field (ID,FORM_ID,TIMESTAMP_X,ACTIVE,TITLE,TITLE_TYPE,SID,C_SORT,ADDITIONAL,REQUIRED,IN_FILTER,IN_RESULTS_TABLE,IN_EXCEL_TABLE,FIELD_TYPE,IMAGE_ID,COMMENTS,FILTER_TITLE,RESULTS_TABLE_TITLE) values(145,4,TO_DATE('2004-11-11 18:12:21', 'YYYY-MM-DD HH24:MI:SS'),'Y','Ваш возраст','text','VS_AGE',600,'N','Y','Y','Y','Y',null,null,null,null,null)
/
insert into b_form_field (ID,FORM_ID,TIMESTAMP_X,ACTIVE,TITLE,TITLE_TYPE,SID,C_SORT,ADDITIONAL,REQUIRED,IN_FILTER,IN_RESULTS_TABLE,IN_EXCEL_TABLE,FIELD_TYPE,IMAGE_ID,COMMENTS,FILTER_TITLE,RESULTS_TABLE_TITLE) values(146,4,TO_DATE('2003-09-16 15:52:48', 'YYYY-MM-DD HH24:MI:SS'),'Y','Ваше образование','text','VS_EDUCATION',700,'N','N','Y','Y','Y',null,null,null,null,null)
/
insert into b_form_field (ID,FORM_ID,TIMESTAMP_X,ACTIVE,TITLE,TITLE_TYPE,SID,C_SORT,ADDITIONAL,REQUIRED,IN_FILTER,IN_RESULTS_TABLE,IN_EXCEL_TABLE,FIELD_TYPE,IMAGE_ID,COMMENTS,FILTER_TITLE,RESULTS_TABLE_TITLE) values(147,4,TO_DATE('2003-08-28 19:17:10', 'YYYY-MM-DD HH24:MI:SS'),'Y','Годовой доход ($)','text','VS_INCOME',800,'N','N','Y','Y','Y',null,null,null,null,null)
/
insert into b_form_field (ID,FORM_ID,TIMESTAMP_X,ACTIVE,TITLE,TITLE_TYPE,SID,C_SORT,ADDITIONAL,REQUIRED,IN_FILTER,IN_RESULTS_TABLE,IN_EXCEL_TABLE,FIELD_TYPE,IMAGE_ID,COMMENTS,FILTER_TITLE,RESULTS_TABLE_TITLE) values(148,4,TO_DATE('2003-08-28 19:17:10', 'YYYY-MM-DD HH24:MI:SS'),'Y','Фотография','text','VS_PHOTO',900,'N','N','N','Y','Y','N',null,null,null,null)
/
insert into b_form_field (ID,FORM_ID,TIMESTAMP_X,ACTIVE,TITLE,TITLE_TYPE,SID,C_SORT,ADDITIONAL,REQUIRED,IN_FILTER,IN_RESULTS_TABLE,IN_EXCEL_TABLE,FIELD_TYPE,IMAGE_ID,COMMENTS,FILTER_TITLE,RESULTS_TABLE_TITLE) values(143,4,TO_DATE('2004-11-11 18:13:21', 'YYYY-MM-DD HH24:MI:SS'),'Y','Вы женаты / замужем ?','text','VS_MARRIED',400,'N','Y','Y','Y','Y',null,null,null,null,null)
/


insert into b_form_field_filter (ID,FIELD_ID,PARAMETER_NAME,FILTER_TYPE) values(3,142,'USER','text')
/
insert into b_form_field_filter (ID,FIELD_ID,PARAMETER_NAME,FILTER_TYPE) values(98,143,'ANSWER_TEXT','dropdown')
/
insert into b_form_field_filter (ID,FIELD_ID,PARAMETER_NAME,FILTER_TYPE) values(95,144,'ANSWER_TEXT','dropdown')
/
insert into b_form_field_filter (ID,FIELD_ID,PARAMETER_NAME,FILTER_TYPE) values(94,144,'ANSWER_TEXT','text')
/
insert into b_form_field_filter (ID,FIELD_ID,PARAMETER_NAME,FILTER_TYPE) values(81,146,'ANSWER_TEXT','text')
/
insert into b_form_field_filter (ID,FIELD_ID,PARAMETER_NAME,FILTER_TYPE) values(97,145,'ANSWER_VALUE','integer')
/
insert into b_form_field_filter (ID,FIELD_ID,PARAMETER_NAME,FILTER_TYPE) values(54,147,'USER','integer')
/
insert into b_form_field_filter (ID,FIELD_ID,PARAMETER_NAME,FILTER_TYPE) values(89,141,'USER','date')
/
insert into b_form_field_filter (ID,FIELD_ID,PARAMETER_NAME,FILTER_TYPE) values(96,145,'ANSWER_TEXT','dropdown')
/
insert into b_form_field_filter (ID,FIELD_ID,PARAMETER_NAME,FILTER_TYPE) values(46,140,'USER','text')
/
insert into b_form_field_filter (ID,FIELD_ID,PARAMETER_NAME,FILTER_TYPE) values(82,146,'ANSWER_TEXT','dropdown')
/


insert into b_form_menu (ID,FORM_ID,LID,MENU) values(356,4,'en','Visitor questionnaire')
/
insert into b_form_menu (ID,FORM_ID,LID,MENU) values(355,4,'ru','Анкета посетителя')
/


insert into b_form_result (ID,TIMESTAMP_X,DATE_CREATE,STATUS_ID,FORM_ID,USER_ID,USER_AUTH,STAT_GUEST_ID,STAT_SESSION_ID) values(136,TO_DATE('2004-11-11 17:47:58', 'YYYY-MM-DD HH24:MI:SS'),TO_DATE('2003-09-12 15:16:47', 'YYYY-MM-DD HH24:MI:SS'),1,4,2,'Y',32904,40267)
/
insert into b_form_result (ID,TIMESTAMP_X,DATE_CREATE,STATUS_ID,FORM_ID,USER_ID,USER_AUTH,STAT_GUEST_ID,STAT_SESSION_ID) values(138,TO_DATE('2004-11-11 17:48:23', 'YYYY-MM-DD HH24:MI:SS'),TO_DATE('2003-09-12 15:22:35', 'YYYY-MM-DD HH24:MI:SS'),1,4,2,'Y',32904,40267)
/
insert into b_form_result (ID,TIMESTAMP_X,DATE_CREATE,STATUS_ID,FORM_ID,USER_ID,USER_AUTH,STAT_GUEST_ID,STAT_SESSION_ID) values(140,TO_DATE('2003-09-12 19:14:12', 'YYYY-MM-DD HH24:MI:SS'),TO_DATE('2003-09-12 19:14:12', 'YYYY-MM-DD HH24:MI:SS'),1,4,2,'Y',32904,40267)
/
insert into b_form_result (ID,TIMESTAMP_X,DATE_CREATE,STATUS_ID,FORM_ID,USER_ID,USER_AUTH,STAT_GUEST_ID,STAT_SESSION_ID) values(141,TO_DATE('2003-10-02 19:04:51', 'YYYY-MM-DD HH24:MI:SS'),TO_DATE('2003-09-15 13:18:45', 'YYYY-MM-DD HH24:MI:SS'),4,4,28,'Y',32904,40271)
/
insert into b_form_result (ID,TIMESTAMP_X,DATE_CREATE,STATUS_ID,FORM_ID,USER_ID,USER_AUTH,STAT_GUEST_ID,STAT_SESSION_ID) values(142,TO_DATE('2003-10-03 13:48:54', 'YYYY-MM-DD HH24:MI:SS'),TO_DATE('2003-09-15 13:52:31', 'YYYY-MM-DD HH24:MI:SS'),4,4,28,'Y',32904,40271)
/
insert into b_form_result (ID,TIMESTAMP_X,DATE_CREATE,STATUS_ID,FORM_ID,USER_ID,USER_AUTH,STAT_GUEST_ID,STAT_SESSION_ID) values(144,TO_DATE('2003-10-03 14:25:13', 'YYYY-MM-DD HH24:MI:SS'),TO_DATE('2003-09-15 17:07:45', 'YYYY-MM-DD HH24:MI:SS'),7,4,28,'Y',32904,40271)
/
insert into b_form_result (ID,TIMESTAMP_X,DATE_CREATE,STATUS_ID,FORM_ID,USER_ID,USER_AUTH,STAT_GUEST_ID,STAT_SESSION_ID) values(186,TO_DATE('2004-11-11 18:02:34', 'YYYY-MM-DD HH24:MI:SS'),TO_DATE('2003-10-03 16:51:51', 'YYYY-MM-DD HH24:MI:SS'),4,4,116,'N',31975,40442)
/
insert into b_form_result (ID,TIMESTAMP_X,DATE_CREATE,STATUS_ID,FORM_ID,USER_ID,USER_AUTH,STAT_GUEST_ID,STAT_SESSION_ID) values(185,TO_DATE('2004-11-11 17:47:14', 'YYYY-MM-DD HH24:MI:SS'),TO_DATE('2003-10-02 18:52:11', 'YYYY-MM-DD HH24:MI:SS'),7,4,116,'Y',32948,40437)
/


insert into b_form_result_answer (ID,RESULT_ID,FORM_ID,FIELD_ID,ANSWER_ID,ANSWER_TEXT,ANSWER_TEXT_SEARCH,ANSWER_VALUE,ANSWER_VALUE_SEARCH,USER_TEXT,USER_TEXT_SEARCH,USER_DATE,USER_FILE_ID,USER_FILE_NAME) values(5534,136,4,147,606,null,null,null,null,'200','200',TO_DATE('', 'YYYY-MM-DD HH24:MI:SS'),null,null)
/
insert into b_form_result_answer (ID,RESULT_ID,FORM_ID,FIELD_ID,ANSWER_ID,ANSWER_TEXT,ANSWER_TEXT_SEARCH,ANSWER_VALUE,ANSWER_VALUE_SEARCH,USER_TEXT,USER_TEXT_SEARCH,USER_DATE,USER_FILE_ID,USER_FILE_NAME) values(5542,138,4,145,599,'40-49','40-49','40','40',null,'Г. МОСКВА УЛ. ЛЕНИНА 21-6',TO_DATE('', 'YYYY-MM-DD HH24:MI:SS'),null,null)
/
insert into b_form_result_answer (ID,RESULT_ID,FORM_ID,FIELD_ID,ANSWER_ID,ANSWER_TEXT,ANSWER_TEXT_SEARCH,ANSWER_VALUE,ANSWER_VALUE_SEARCH,USER_TEXT,USER_TEXT_SEARCH,USER_DATE,USER_FILE_ID,USER_FILE_NAME) values(5531,136,4,146,602,'начальное','НАЧАЛЬНОЕ СРЕДНЕ-СПЕЦИАЛЬНОЕ ВЫСШЕЕ','1','1 2 3',null,'Г. КАЛИНИНГРАД УЛ. БАТАЛЬНАЯ 26-4',TO_DATE('', 'YYYY-MM-DD HH24:MI:SS'),null,null)
/
insert into b_form_result_answer (ID,RESULT_ID,FORM_ID,FIELD_ID,ANSWER_ID,ANSWER_TEXT,ANSWER_TEXT_SEARCH,ANSWER_VALUE,ANSWER_VALUE_SEARCH,USER_TEXT,USER_TEXT_SEARCH,USER_DATE,USER_FILE_ID,USER_FILE_NAME) values(5532,136,4,146,603,'средне-специальное','НАЧАЛЬНОЕ СРЕДНЕ-СПЕЦИАЛЬНОЕ ВЫСШЕЕ','2','1 2 3',null,'Г. КАЛИНИНГРАД УЛ. БАТАЛЬНАЯ 26-4',TO_DATE('', 'YYYY-MM-DD HH24:MI:SS'),null,null)
/
insert into b_form_result_answer (ID,RESULT_ID,FORM_ID,FIELD_ID,ANSWER_ID,ANSWER_TEXT,ANSWER_TEXT_SEARCH,ANSWER_VALUE,ANSWER_VALUE_SEARCH,USER_TEXT,USER_TEXT_SEARCH,USER_DATE,USER_FILE_ID,USER_FILE_NAME) values(5533,136,4,146,604,'высшее','НАЧАЛЬНОЕ СРЕДНЕ-СПЕЦИАЛЬНОЕ ВЫСШЕЕ','3','1 2 3',null,'Г. КАЛИНИНГРАД УЛ. БАТАЛЬНАЯ 26-4',TO_DATE('', 'YYYY-MM-DD HH24:MI:SS'),null,null)
/
insert into b_form_result_answer (ID,RESULT_ID,FORM_ID,FIELD_ID,ANSWER_ID,ANSWER_TEXT,ANSWER_TEXT_SEARCH,ANSWER_VALUE,ANSWER_VALUE_SEARCH,USER_TEXT,USER_TEXT_SEARCH,USER_DATE,USER_FILE_ID,USER_FILE_NAME) values(5429,144,4,147,606,null,null,null,null,'3000','3000',TO_DATE('', 'YYYY-MM-DD HH24:MI:SS'),null,null)
/
insert into b_form_result_answer (ID,RESULT_ID,FORM_ID,FIELD_ID,ANSWER_ID,ANSWER_TEXT,ANSWER_TEXT_SEARCH,ANSWER_VALUE,ANSWER_VALUE_SEARCH,USER_TEXT,USER_TEXT_SEARCH,USER_DATE,USER_FILE_ID,USER_FILE_NAME) values(5530,136,4,145,599,'40-49','40-49','40','40',null,'Г. КАЛИНИНГРАД УЛ. БАТАЛЬНАЯ 26-4',TO_DATE('', 'YYYY-MM-DD HH24:MI:SS'),null,null)
/
insert into b_form_result_answer (ID,RESULT_ID,FORM_ID,FIELD_ID,ANSWER_ID,ANSWER_TEXT,ANSWER_TEXT_SEARCH,ANSWER_VALUE,ANSWER_VALUE_SEARCH,USER_TEXT,USER_TEXT_SEARCH,USER_DATE,USER_FILE_ID,USER_FILE_NAME) values(5541,138,4,144,593,'история','МАТЕМАТИКА ФИЗИКА ИСТОРИЯ','3','1 2 3',null,'Г. МОСКВА УЛ. ЛЕНИНА 21-6',TO_DATE('', 'YYYY-MM-DD HH24:MI:SS'),null,null)
/
insert into b_form_result_answer (ID,RESULT_ID,FORM_ID,FIELD_ID,ANSWER_ID,ANSWER_TEXT,ANSWER_TEXT_SEARCH,ANSWER_VALUE,ANSWER_VALUE_SEARCH,USER_TEXT,USER_TEXT_SEARCH,USER_DATE,USER_FILE_ID,USER_FILE_NAME) values(5540,138,4,144,592,'физика','МАТЕМАТИКА ФИЗИКА ИСТОРИЯ','2','1 2 3',null,'Г. МОСКВА УЛ. ЛЕНИНА 21-6',TO_DATE('', 'YYYY-MM-DD HH24:MI:SS'),null,null)
/
insert into b_form_result_answer (ID,RESULT_ID,FORM_ID,FIELD_ID,ANSWER_ID,ANSWER_TEXT,ANSWER_TEXT_SEARCH,ANSWER_VALUE,ANSWER_VALUE_SEARCH,USER_TEXT,USER_TEXT_SEARCH,USER_DATE,USER_FILE_ID,USER_FILE_NAME) values(5539,138,4,144,591,'математика','МАТЕМАТИКА ФИЗИКА ИСТОРИЯ','1','1 2 3',null,'Г. МОСКВА УЛ. ЛЕНИНА 21-6',TO_DATE('', 'YYYY-MM-DD HH24:MI:SS'),null,null)
/
insert into b_form_result_answer (ID,RESULT_ID,FORM_ID,FIELD_ID,ANSWER_ID,ANSWER_TEXT,ANSWER_TEXT_SEARCH,ANSWER_VALUE,ANSWER_VALUE_SEARCH,USER_TEXT,USER_TEXT_SEARCH,USER_DATE,USER_FILE_ID,USER_FILE_NAME) values(5538,138,4,143,589,'да','ДА',null,null,null,'Г. МОСКВА УЛ. ЛЕНИНА 21-6',TO_DATE('', 'YYYY-MM-DD HH24:MI:SS'),null,null)
/
insert into b_form_result_answer (ID,RESULT_ID,FORM_ID,FIELD_ID,ANSWER_ID,ANSWER_TEXT,ANSWER_TEXT_SEARCH,ANSWER_VALUE,ANSWER_VALUE_SEARCH,USER_TEXT,USER_TEXT_SEARCH,USER_DATE,USER_FILE_ID,USER_FILE_NAME) values(5537,138,4,142,588,null,null,null,null,'г. Москва ул. Ленина 21-6','Г. МОСКВА УЛ. ЛЕНИНА 21-6',TO_DATE('', 'YYYY-MM-DD HH24:MI:SS'),null,null)
/
insert into b_form_result_answer (ID,RESULT_ID,FORM_ID,FIELD_ID,ANSWER_ID,ANSWER_TEXT,ANSWER_TEXT_SEARCH,ANSWER_VALUE,ANSWER_VALUE_SEARCH,USER_TEXT,USER_TEXT_SEARCH,USER_DATE,USER_FILE_ID,USER_FILE_NAME) values(5536,138,4,141,587,null,null,null,null,'01.01.1955','01.01.1955',TO_DATE('1955-01-01 00:00:00', 'YYYY-MM-DD HH24:MI:SS'),null,null)
/
insert into b_form_result_answer (ID,RESULT_ID,FORM_ID,FIELD_ID,ANSWER_ID,ANSWER_TEXT,ANSWER_TEXT_SEARCH,ANSWER_VALUE,ANSWER_VALUE_SEARCH,USER_TEXT,USER_TEXT_SEARCH,USER_DATE,USER_FILE_ID,USER_FILE_NAME) values(2894,140,4,140,586,null,null,null,null,'Вальянов Дмитрий','ВАЛЬЯНОВ ДМИТРИЙ',TO_DATE('', 'YYYY-MM-DD HH24:MI:SS'),null,null)
/
insert into b_form_result_answer (ID,RESULT_ID,FORM_ID,FIELD_ID,ANSWER_ID,ANSWER_TEXT,ANSWER_TEXT_SEARCH,ANSWER_VALUE,ANSWER_VALUE_SEARCH,USER_TEXT,USER_TEXT_SEARCH,USER_DATE,USER_FILE_ID,USER_FILE_NAME) values(2895,140,4,141,587,' ',null,null,null,'10.03.1992','10.03.1992',TO_DATE('1992-03-10 00:00:00', 'YYYY-MM-DD HH24:MI:SS'),null,null)
/
insert into b_form_result_answer (ID,RESULT_ID,FORM_ID,FIELD_ID,ANSWER_ID,ANSWER_TEXT,ANSWER_TEXT_SEARCH,ANSWER_VALUE,ANSWER_VALUE_SEARCH,USER_TEXT,USER_TEXT_SEARCH,USER_DATE,USER_FILE_ID,USER_FILE_NAME) values(2896,140,4,142,588,null,null,null,null,'г. Балтийск','Г. БАЛТИЙСК',TO_DATE('', 'YYYY-MM-DD HH24:MI:SS'),null,null)
/
insert into b_form_result_answer (ID,RESULT_ID,FORM_ID,FIELD_ID,ANSWER_ID,ANSWER_TEXT,ANSWER_TEXT_SEARCH,ANSWER_VALUE,ANSWER_VALUE_SEARCH,USER_TEXT,USER_TEXT_SEARCH,USER_DATE,USER_FILE_ID,USER_FILE_NAME) values(2897,140,4,143,589,'да','ДА',null,null,null,null,TO_DATE('', 'YYYY-MM-DD HH24:MI:SS'),null,null)
/
insert into b_form_result_answer (ID,RESULT_ID,FORM_ID,FIELD_ID,ANSWER_ID,ANSWER_TEXT,ANSWER_TEXT_SEARCH,ANSWER_VALUE,ANSWER_VALUE_SEARCH,USER_TEXT,USER_TEXT_SEARCH,USER_DATE,USER_FILE_ID,USER_FILE_NAME) values(2898,140,4,144,593,'история','ИСТОРИЯ ИНОСТРАННЫЕ ЯЗЫКИ ПРОГРАМИРОВАНИЕ','3','3 4 5',null,null,TO_DATE('', 'YYYY-MM-DD HH24:MI:SS'),null,null)
/
insert into b_form_result_answer (ID,RESULT_ID,FORM_ID,FIELD_ID,ANSWER_ID,ANSWER_TEXT,ANSWER_TEXT_SEARCH,ANSWER_VALUE,ANSWER_VALUE_SEARCH,USER_TEXT,USER_TEXT_SEARCH,USER_DATE,USER_FILE_ID,USER_FILE_NAME) values(2899,140,4,144,594,'иностранные языки','ИСТОРИЯ ИНОСТРАННЫЕ ЯЗЫКИ ПРОГРАМИРОВАНИЕ','4','3 4 5',null,null,TO_DATE('', 'YYYY-MM-DD HH24:MI:SS'),null,null)
/
insert into b_form_result_answer (ID,RESULT_ID,FORM_ID,FIELD_ID,ANSWER_ID,ANSWER_TEXT,ANSWER_TEXT_SEARCH,ANSWER_VALUE,ANSWER_VALUE_SEARCH,USER_TEXT,USER_TEXT_SEARCH,USER_DATE,USER_FILE_ID,USER_FILE_NAME) values(2900,140,4,144,595,'програмирование','ИСТОРИЯ ИНОСТРАННЫЕ ЯЗЫКИ ПРОГРАМИРОВАНИЕ','5','3 4 5',null,null,TO_DATE('', 'YYYY-MM-DD HH24:MI:SS'),null,null)
/
insert into b_form_result_answer (ID,RESULT_ID,FORM_ID,FIELD_ID,ANSWER_ID,ANSWER_TEXT,ANSWER_TEXT_SEARCH,ANSWER_VALUE,ANSWER_VALUE_SEARCH,USER_TEXT,USER_TEXT_SEARCH,USER_DATE,USER_FILE_ID,USER_FILE_NAME) values(2901,140,4,145,597,'20-29','20-29','20','20',null,null,TO_DATE('', 'YYYY-MM-DD HH24:MI:SS'),null,null)
/
insert into b_form_result_answer (ID,RESULT_ID,FORM_ID,FIELD_ID,ANSWER_ID,ANSWER_TEXT,ANSWER_TEXT_SEARCH,ANSWER_VALUE,ANSWER_VALUE_SEARCH,USER_TEXT,USER_TEXT_SEARCH,USER_DATE,USER_FILE_ID,USER_FILE_NAME) values(2902,140,4,146,604,'высшее','ВЫСШЕЕ','3','3',null,null,TO_DATE('', 'YYYY-MM-DD HH24:MI:SS'),null,null)
/
insert into b_form_result_answer (ID,RESULT_ID,FORM_ID,FIELD_ID,ANSWER_ID,ANSWER_TEXT,ANSWER_TEXT_SEARCH,ANSWER_VALUE,ANSWER_VALUE_SEARCH,USER_TEXT,USER_TEXT_SEARCH,USER_DATE,USER_FILE_ID,USER_FILE_NAME) values(2903,140,4,147,606,null,null,null,null,null,null,TO_DATE('', 'YYYY-MM-DD HH24:MI:SS'),null,null)
/
insert into b_form_result_answer (ID,RESULT_ID,FORM_ID,FIELD_ID,ANSWER_ID,ANSWER_TEXT,ANSWER_TEXT_SEARCH,ANSWER_VALUE,ANSWER_VALUE_SEARCH,USER_TEXT,USER_TEXT_SEARCH,USER_DATE,USER_FILE_ID,USER_FILE_NAME) values(5428,144,4,146,604,'высшее','ВЫСШЕЕ','3','3',null,null,TO_DATE('', 'YYYY-MM-DD HH24:MI:SS'),null,null)
/
insert into b_form_result_answer (ID,RESULT_ID,FORM_ID,FIELD_ID,ANSWER_ID,ANSWER_TEXT,ANSWER_TEXT_SEARCH,ANSWER_VALUE,ANSWER_VALUE_SEARCH,USER_TEXT,USER_TEXT_SEARCH,USER_DATE,USER_FILE_ID,USER_FILE_NAME) values(3003,141,4,147,606,null,null,null,null,'2345','2345',TO_DATE('', 'YYYY-MM-DD HH24:MI:SS'),null,null)
/
insert into b_form_result_answer (ID,RESULT_ID,FORM_ID,FIELD_ID,ANSWER_ID,ANSWER_TEXT,ANSWER_TEXT_SEARCH,ANSWER_VALUE,ANSWER_VALUE_SEARCH,USER_TEXT,USER_TEXT_SEARCH,USER_DATE,USER_FILE_ID,USER_FILE_NAME) values(3002,141,4,146,604,'высшее','СРЕДНЕ-СПЕЦИАЛЬНОЕ ВЫСШЕЕ','3','2 3',null,null,TO_DATE('', 'YYYY-MM-DD HH24:MI:SS'),null,null)
/
insert into b_form_result_answer (ID,RESULT_ID,FORM_ID,FIELD_ID,ANSWER_ID,ANSWER_TEXT,ANSWER_TEXT_SEARCH,ANSWER_VALUE,ANSWER_VALUE_SEARCH,USER_TEXT,USER_TEXT_SEARCH,USER_DATE,USER_FILE_ID,USER_FILE_NAME) values(3001,141,4,146,603,'средне-специальное','СРЕДНЕ-СПЕЦИАЛЬНОЕ ВЫСШЕЕ','2','2 3',null,null,TO_DATE('', 'YYYY-MM-DD HH24:MI:SS'),null,null)
/
insert into b_form_result_answer (ID,RESULT_ID,FORM_ID,FIELD_ID,ANSWER_ID,ANSWER_TEXT,ANSWER_TEXT_SEARCH,ANSWER_VALUE,ANSWER_VALUE_SEARCH,USER_TEXT,USER_TEXT_SEARCH,USER_DATE,USER_FILE_ID,USER_FILE_NAME) values(3000,141,4,145,597,'20-29','20-29','20','20',null,null,TO_DATE('', 'YYYY-MM-DD HH24:MI:SS'),null,null)
/
insert into b_form_result_answer (ID,RESULT_ID,FORM_ID,FIELD_ID,ANSWER_ID,ANSWER_TEXT,ANSWER_TEXT_SEARCH,ANSWER_VALUE,ANSWER_VALUE_SEARCH,USER_TEXT,USER_TEXT_SEARCH,USER_DATE,USER_FILE_ID,USER_FILE_NAME) values(2998,141,4,144,593,'история','ФИЗИКА ИСТОРИЯ ИНОСТРАННЫЕ ЯЗЫКИ','3','2 3 4',null,null,TO_DATE('', 'YYYY-MM-DD HH24:MI:SS'),null,null)
/
insert into b_form_result_answer (ID,RESULT_ID,FORM_ID,FIELD_ID,ANSWER_ID,ANSWER_TEXT,ANSWER_TEXT_SEARCH,ANSWER_VALUE,ANSWER_VALUE_SEARCH,USER_TEXT,USER_TEXT_SEARCH,USER_DATE,USER_FILE_ID,USER_FILE_NAME) values(2999,141,4,144,594,'иностранные языки','ФИЗИКА ИСТОРИЯ ИНОСТРАННЫЕ ЯЗЫКИ','4','2 3 4',null,null,TO_DATE('', 'YYYY-MM-DD HH24:MI:SS'),null,null)
/
insert into b_form_result_answer (ID,RESULT_ID,FORM_ID,FIELD_ID,ANSWER_ID,ANSWER_TEXT,ANSWER_TEXT_SEARCH,ANSWER_VALUE,ANSWER_VALUE_SEARCH,USER_TEXT,USER_TEXT_SEARCH,USER_DATE,USER_FILE_ID,USER_FILE_NAME) values(2997,141,4,144,592,'физика','ФИЗИКА ИСТОРИЯ ИНОСТРАННЫЕ ЯЗЫКИ','2','2 3 4',null,null,TO_DATE('', 'YYYY-MM-DD HH24:MI:SS'),null,null)
/
insert into b_form_result_answer (ID,RESULT_ID,FORM_ID,FIELD_ID,ANSWER_ID,ANSWER_TEXT,ANSWER_TEXT_SEARCH,ANSWER_VALUE,ANSWER_VALUE_SEARCH,USER_TEXT,USER_TEXT_SEARCH,USER_DATE,USER_FILE_ID,USER_FILE_NAME) values(2996,141,4,143,589,'да','ДА',null,null,null,null,TO_DATE('', 'YYYY-MM-DD HH24:MI:SS'),null,null)
/
insert into b_form_result_answer (ID,RESULT_ID,FORM_ID,FIELD_ID,ANSWER_ID,ANSWER_TEXT,ANSWER_TEXT_SEARCH,ANSWER_VALUE,ANSWER_VALUE_SEARCH,USER_TEXT,USER_TEXT_SEARCH,USER_DATE,USER_FILE_ID,USER_FILE_NAME) values(2995,141,4,142,588,null,null,null,null,'г. Мурманск','Г. МУРМАНСК',TO_DATE('', 'YYYY-MM-DD HH24:MI:SS'),null,null)
/
insert into b_form_result_answer (ID,RESULT_ID,FORM_ID,FIELD_ID,ANSWER_ID,ANSWER_TEXT,ANSWER_TEXT_SEARCH,ANSWER_VALUE,ANSWER_VALUE_SEARCH,USER_TEXT,USER_TEXT_SEARCH,USER_DATE,USER_FILE_ID,USER_FILE_NAME) values(2994,141,4,141,587,' ',null,null,null,'10.03.1992','10.03.1992',TO_DATE('1992-03-10 00:00:00', 'YYYY-MM-DD HH24:MI:SS'),null,null)
/
insert into b_form_result_answer (ID,RESULT_ID,FORM_ID,FIELD_ID,ANSWER_ID,ANSWER_TEXT,ANSWER_TEXT_SEARCH,ANSWER_VALUE,ANSWER_VALUE_SEARCH,USER_TEXT,USER_TEXT_SEARCH,USER_DATE,USER_FILE_ID,USER_FILE_NAME) values(2993,141,4,140,586,null,null,null,null,'Иванов Иван Иванович','ИВАНОВ ИВАН ИВАНОВИЧ',TO_DATE('', 'YYYY-MM-DD HH24:MI:SS'),null,null)
/
insert into b_form_result_answer (ID,RESULT_ID,FORM_ID,FIELD_ID,ANSWER_ID,ANSWER_TEXT,ANSWER_TEXT_SEARCH,ANSWER_VALUE,ANSWER_VALUE_SEARCH,USER_TEXT,USER_TEXT_SEARCH,USER_DATE,USER_FILE_ID,USER_FILE_NAME) values(5544,138,4,146,605,'ясли с отличием','ВЫСШЕЕ ЯСЛИ С ОТЛИЧИЕМ','0','3 0',null,'Г. МОСКВА УЛ. ЛЕНИНА 21-6',TO_DATE('', 'YYYY-MM-DD HH24:MI:SS'),null,null)
/
insert into b_form_result_answer (ID,RESULT_ID,FORM_ID,FIELD_ID,ANSWER_ID,ANSWER_TEXT,ANSWER_TEXT_SEARCH,ANSWER_VALUE,ANSWER_VALUE_SEARCH,USER_TEXT,USER_TEXT_SEARCH,USER_DATE,USER_FILE_ID,USER_FILE_NAME) values(5427,144,4,145,598,'30-39','30-39','30','30',null,null,TO_DATE('', 'YYYY-MM-DD HH24:MI:SS'),null,null)
/
insert into b_form_result_answer (ID,RESULT_ID,FORM_ID,FIELD_ID,ANSWER_ID,ANSWER_TEXT,ANSWER_TEXT_SEARCH,ANSWER_VALUE,ANSWER_VALUE_SEARCH,USER_TEXT,USER_TEXT_SEARCH,USER_DATE,USER_FILE_ID,USER_FILE_NAME) values(3004,141,4,148,607,null,null,null,null,null,null,TO_DATE('', 'YYYY-MM-DD HH24:MI:SS'),null,null)
/
insert into b_form_result_answer (ID,RESULT_ID,FORM_ID,FIELD_ID,ANSWER_ID,ANSWER_TEXT,ANSWER_TEXT_SEARCH,ANSWER_VALUE,ANSWER_VALUE_SEARCH,USER_TEXT,USER_TEXT_SEARCH,USER_DATE,USER_FILE_ID,USER_FILE_NAME) values(3028,142,4,148,607,null,null,null,null,null,null,TO_DATE('', 'YYYY-MM-DD HH24:MI:SS'),null,null)
/
insert into b_form_result_answer (ID,RESULT_ID,FORM_ID,FIELD_ID,ANSWER_ID,ANSWER_TEXT,ANSWER_TEXT_SEARCH,ANSWER_VALUE,ANSWER_VALUE_SEARCH,USER_TEXT,USER_TEXT_SEARCH,USER_DATE,USER_FILE_ID,USER_FILE_NAME) values(3027,142,4,147,606,null,null,null,null,'3000','3000',TO_DATE('', 'YYYY-MM-DD HH24:MI:SS'),null,null)
/
insert into b_form_result_answer (ID,RESULT_ID,FORM_ID,FIELD_ID,ANSWER_ID,ANSWER_TEXT,ANSWER_TEXT_SEARCH,ANSWER_VALUE,ANSWER_VALUE_SEARCH,USER_TEXT,USER_TEXT_SEARCH,USER_DATE,USER_FILE_ID,USER_FILE_NAME) values(3025,142,4,146,603,'средне-специальное','СРЕДНЕ-СПЕЦИАЛЬНОЕ ВЫСШЕЕ','2','2 3',null,null,TO_DATE('', 'YYYY-MM-DD HH24:MI:SS'),null,null)
/
insert into b_form_result_answer (ID,RESULT_ID,FORM_ID,FIELD_ID,ANSWER_ID,ANSWER_TEXT,ANSWER_TEXT_SEARCH,ANSWER_VALUE,ANSWER_VALUE_SEARCH,USER_TEXT,USER_TEXT_SEARCH,USER_DATE,USER_FILE_ID,USER_FILE_NAME) values(3026,142,4,146,604,'высшее','СРЕДНЕ-СПЕЦИАЛЬНОЕ ВЫСШЕЕ','3','2 3',null,null,TO_DATE('', 'YYYY-MM-DD HH24:MI:SS'),null,null)
/
insert into b_form_result_answer (ID,RESULT_ID,FORM_ID,FIELD_ID,ANSWER_ID,ANSWER_TEXT,ANSWER_TEXT_SEARCH,ANSWER_VALUE,ANSWER_VALUE_SEARCH,USER_TEXT,USER_TEXT_SEARCH,USER_DATE,USER_FILE_ID,USER_FILE_NAME) values(3024,142,4,145,598,'30-39','30-39','30','30',null,null,TO_DATE('', 'YYYY-MM-DD HH24:MI:SS'),null,null)
/
insert into b_form_result_answer (ID,RESULT_ID,FORM_ID,FIELD_ID,ANSWER_ID,ANSWER_TEXT,ANSWER_TEXT_SEARCH,ANSWER_VALUE,ANSWER_VALUE_SEARCH,USER_TEXT,USER_TEXT_SEARCH,USER_DATE,USER_FILE_ID,USER_FILE_NAME) values(3022,142,4,144,593,'история','ИСТОРИЯ ИНОСТРАННЫЕ ЯЗЫКИ','3','3 4',null,null,TO_DATE('', 'YYYY-MM-DD HH24:MI:SS'),null,null)
/
insert into b_form_result_answer (ID,RESULT_ID,FORM_ID,FIELD_ID,ANSWER_ID,ANSWER_TEXT,ANSWER_TEXT_SEARCH,ANSWER_VALUE,ANSWER_VALUE_SEARCH,USER_TEXT,USER_TEXT_SEARCH,USER_DATE,USER_FILE_ID,USER_FILE_NAME) values(3023,142,4,144,594,'иностранные языки','ИСТОРИЯ ИНОСТРАННЫЕ ЯЗЫКИ','4','3 4',null,null,TO_DATE('', 'YYYY-MM-DD HH24:MI:SS'),null,null)
/
insert into b_form_result_answer (ID,RESULT_ID,FORM_ID,FIELD_ID,ANSWER_ID,ANSWER_TEXT,ANSWER_TEXT_SEARCH,ANSWER_VALUE,ANSWER_VALUE_SEARCH,USER_TEXT,USER_TEXT_SEARCH,USER_DATE,USER_FILE_ID,USER_FILE_NAME) values(5543,138,4,146,604,'высшее','ВЫСШЕЕ ЯСЛИ С ОТЛИЧИЕМ','3','3 0',null,'Г. МОСКВА УЛ. ЛЕНИНА 21-6',TO_DATE('', 'YYYY-MM-DD HH24:MI:SS'),null,null)
/
insert into b_form_result_answer (ID,RESULT_ID,FORM_ID,FIELD_ID,ANSWER_ID,ANSWER_TEXT,ANSWER_TEXT_SEARCH,ANSWER_VALUE,ANSWER_VALUE_SEARCH,USER_TEXT,USER_TEXT_SEARCH,USER_DATE,USER_FILE_ID,USER_FILE_NAME) values(5535,138,4,140,586,null,null,null,null,'Васильев Дмитрий Анатольевич','ВАСИЛЬЕВ ДМИТРИЙ АНАТОЛЬЕВИЧ',TO_DATE('', 'YYYY-MM-DD HH24:MI:SS'),null,null)
/
insert into b_form_result_answer (ID,RESULT_ID,FORM_ID,FIELD_ID,ANSWER_ID,ANSWER_TEXT,ANSWER_TEXT_SEARCH,ANSWER_VALUE,ANSWER_VALUE_SEARCH,USER_TEXT,USER_TEXT_SEARCH,USER_DATE,USER_FILE_ID,USER_FILE_NAME) values(5425,144,4,144,592,'физика','ФИЗИКА ИСТОРИ_','2','2 3',null,null,TO_DATE('', 'YYYY-MM-DD HH24:MI:SS'),null,null)
/
insert into b_form_result_answer (ID,RESULT_ID,FORM_ID,FIELD_ID,ANSWER_ID,ANSWER_TEXT,ANSWER_TEXT_SEARCH,ANSWER_VALUE,ANSWER_VALUE_SEARCH,USER_TEXT,USER_TEXT_SEARCH,USER_DATE,USER_FILE_ID,USER_FILE_NAME) values(5426,144,4,144,593,'история','ФИЗИКА ИСТОРИ_','3','2 3',null,null,TO_DATE('', 'YYYY-MM-DD HH24:MI:SS'),null,null)
/
insert into b_form_result_answer (ID,RESULT_ID,FORM_ID,FIELD_ID,ANSWER_ID,ANSWER_TEXT,ANSWER_TEXT_SEARCH,ANSWER_VALUE,ANSWER_VALUE_SEARCH,USER_TEXT,USER_TEXT_SEARCH,USER_DATE,USER_FILE_ID,USER_FILE_NAME) values(5424,144,4,143,589,'да','ДА',null,null,null,null,TO_DATE('', 'YYYY-MM-DD HH24:MI:SS'),null,null)
/
insert into b_form_result_answer (ID,RESULT_ID,FORM_ID,FIELD_ID,ANSWER_ID,ANSWER_TEXT,ANSWER_TEXT_SEARCH,ANSWER_VALUE,ANSWER_VALUE_SEARCH,USER_TEXT,USER_TEXT_SEARCH,USER_DATE,USER_FILE_ID,USER_FILE_NAME) values(5423,144,4,142,588,null,null,null,null,'г. Волгоград','Г. ВОЛГОГРАД',TO_DATE('', 'YYYY-MM-DD HH24:MI:SS'),null,null)
/
insert into b_form_result_answer (ID,RESULT_ID,FORM_ID,FIELD_ID,ANSWER_ID,ANSWER_TEXT,ANSWER_TEXT_SEARCH,ANSWER_VALUE,ANSWER_VALUE_SEARCH,USER_TEXT,USER_TEXT_SEARCH,USER_DATE,USER_FILE_ID,USER_FILE_NAME) values(3021,142,4,143,590,'нет','НЕТ',null,null,null,null,TO_DATE('', 'YYYY-MM-DD HH24:MI:SS'),null,null)
/
insert into b_form_result_answer (ID,RESULT_ID,FORM_ID,FIELD_ID,ANSWER_ID,ANSWER_TEXT,ANSWER_TEXT_SEARCH,ANSWER_VALUE,ANSWER_VALUE_SEARCH,USER_TEXT,USER_TEXT_SEARCH,USER_DATE,USER_FILE_ID,USER_FILE_NAME) values(3019,142,4,141,587,' ',null,null,null,'01.01.1977','01.01.1977',TO_DATE('1977-01-01 00:00:00', 'YYYY-MM-DD HH24:MI:SS'),null,null)
/
insert into b_form_result_answer (ID,RESULT_ID,FORM_ID,FIELD_ID,ANSWER_ID,ANSWER_TEXT,ANSWER_TEXT_SEARCH,ANSWER_VALUE,ANSWER_VALUE_SEARCH,USER_TEXT,USER_TEXT_SEARCH,USER_DATE,USER_FILE_ID,USER_FILE_NAME) values(3020,142,4,142,588,null,null,null,null,'г. Владивосток','Г. ВЛАДИВОСТОК',TO_DATE('', 'YYYY-MM-DD HH24:MI:SS'),null,null)
/
insert into b_form_result_answer (ID,RESULT_ID,FORM_ID,FIELD_ID,ANSWER_ID,ANSWER_TEXT,ANSWER_TEXT_SEARCH,ANSWER_VALUE,ANSWER_VALUE_SEARCH,USER_TEXT,USER_TEXT_SEARCH,USER_DATE,USER_FILE_ID,USER_FILE_NAME) values(3018,142,4,140,586,null,null,null,null,'Сердюков Василий Дмитриевич','СЕРДЮКОВ ВАСИЛИЙ ДМИТРИЕВИЧ',TO_DATE('', 'YYYY-MM-DD HH24:MI:SS'),null,null)
/
insert into b_form_result_answer (ID,RESULT_ID,FORM_ID,FIELD_ID,ANSWER_ID,ANSWER_TEXT,ANSWER_TEXT_SEARCH,ANSWER_VALUE,ANSWER_VALUE_SEARCH,USER_TEXT,USER_TEXT_SEARCH,USER_DATE,USER_FILE_ID,USER_FILE_NAME) values(5422,144,4,141,587,null,null,null,null,'01.03.1982','01.03.1982',TO_DATE('1982-03-01 00:00:00', 'YYYY-MM-DD HH24:MI:SS'),null,null)
/
insert into b_form_result_answer (ID,RESULT_ID,FORM_ID,FIELD_ID,ANSWER_ID,ANSWER_TEXT,ANSWER_TEXT_SEARCH,ANSWER_VALUE,ANSWER_VALUE_SEARCH,USER_TEXT,USER_TEXT_SEARCH,USER_DATE,USER_FILE_ID,USER_FILE_NAME) values(5525,136,4,142,588,null,null,null,null,'г. Калининград ул. Батальная 26-4','Г. КАЛИНИНГРАД УЛ. БАТАЛЬНАЯ 26-4',TO_DATE('', 'YYYY-MM-DD HH24:MI:SS'),null,null)
/
insert into b_form_result_answer (ID,RESULT_ID,FORM_ID,FIELD_ID,ANSWER_ID,ANSWER_TEXT,ANSWER_TEXT_SEARCH,ANSWER_VALUE,ANSWER_VALUE_SEARCH,USER_TEXT,USER_TEXT_SEARCH,USER_DATE,USER_FILE_ID,USER_FILE_NAME) values(5526,136,4,143,590,'нет','НЕТ',null,null,null,'Г. КАЛИНИНГРАД УЛ. БАТАЛЬНАЯ 26-4',TO_DATE('', 'YYYY-MM-DD HH24:MI:SS'),null,null)
/
insert into b_form_result_answer (ID,RESULT_ID,FORM_ID,FIELD_ID,ANSWER_ID,ANSWER_TEXT,ANSWER_TEXT_SEARCH,ANSWER_VALUE,ANSWER_VALUE_SEARCH,USER_TEXT,USER_TEXT_SEARCH,USER_DATE,USER_FILE_ID,USER_FILE_NAME) values(5527,136,4,144,592,'физика','ФИЗИКА ИСТОРИЯ ПРОГРАМИРОВАНИЕ','2','2 3 5',null,'Г. КАЛИНИНГРАД УЛ. БАТАЛЬНАЯ 26-4',TO_DATE('', 'YYYY-MM-DD HH24:MI:SS'),null,null)
/
insert into b_form_result_answer (ID,RESULT_ID,FORM_ID,FIELD_ID,ANSWER_ID,ANSWER_TEXT,ANSWER_TEXT_SEARCH,ANSWER_VALUE,ANSWER_VALUE_SEARCH,USER_TEXT,USER_TEXT_SEARCH,USER_DATE,USER_FILE_ID,USER_FILE_NAME) values(5508,185,4,145,597,'20-29','20-29','20','20',null,'Г. ВЛАДИВОСТОК',TO_DATE('', 'YYYY-MM-DD HH24:MI:SS'),null,null)
/
insert into b_form_result_answer (ID,RESULT_ID,FORM_ID,FIELD_ID,ANSWER_ID,ANSWER_TEXT,ANSWER_TEXT_SEARCH,ANSWER_VALUE,ANSWER_VALUE_SEARCH,USER_TEXT,USER_TEXT_SEARCH,USER_DATE,USER_FILE_ID,USER_FILE_NAME) values(5509,185,4,146,604,'высшее','ВЫСШЕЕ','3','3',null,'Г. ВЛАДИВОСТОК',TO_DATE('', 'YYYY-MM-DD HH24:MI:SS'),null,null)
/
insert into b_form_result_answer (ID,RESULT_ID,FORM_ID,FIELD_ID,ANSWER_ID,ANSWER_TEXT,ANSWER_TEXT_SEARCH,ANSWER_VALUE,ANSWER_VALUE_SEARCH,USER_TEXT,USER_TEXT_SEARCH,USER_DATE,USER_FILE_ID,USER_FILE_NAME) values(5510,185,4,147,606,null,null,null,null,'1000','1000',TO_DATE('', 'YYYY-MM-DD HH24:MI:SS'),null,null)
/
insert into b_form_result_answer (ID,RESULT_ID,FORM_ID,FIELD_ID,ANSWER_ID,ANSWER_TEXT,ANSWER_TEXT_SEARCH,ANSWER_VALUE,ANSWER_VALUE_SEARCH,USER_TEXT,USER_TEXT_SEARCH,USER_DATE,USER_FILE_ID,USER_FILE_NAME) values(5529,136,4,144,595,'програмирование','ФИЗИКА ИСТОРИЯ ПРОГРАМИРОВАНИЕ','5','2 3 5',null,'Г. КАЛИНИНГРАД УЛ. БАТАЛЬНАЯ 26-4',TO_DATE('', 'YYYY-MM-DD HH24:MI:SS'),null,null)
/
insert into b_form_result_answer (ID,RESULT_ID,FORM_ID,FIELD_ID,ANSWER_ID,ANSWER_TEXT,ANSWER_TEXT_SEARCH,ANSWER_VALUE,ANSWER_VALUE_SEARCH,USER_TEXT,USER_TEXT_SEARCH,USER_DATE,USER_FILE_ID,USER_FILE_NAME) values(5562,186,4,147,606,null,null,null,null,'-','-',TO_DATE('', 'YYYY-MM-DD HH24:MI:SS'),null,null)
/
insert into b_form_result_answer (ID,RESULT_ID,FORM_ID,FIELD_ID,ANSWER_ID,ANSWER_TEXT,ANSWER_TEXT_SEARCH,ANSWER_VALUE,ANSWER_VALUE_SEARCH,USER_TEXT,USER_TEXT_SEARCH,USER_DATE,USER_FILE_ID,USER_FILE_NAME) values(5560,186,4,145,597,'20-29','20-29','20','20',null,'НЕ ПОМНЮ',TO_DATE('', 'YYYY-MM-DD HH24:MI:SS'),null,null)
/
insert into b_form_result_answer (ID,RESULT_ID,FORM_ID,FIELD_ID,ANSWER_ID,ANSWER_TEXT,ANSWER_TEXT_SEARCH,ANSWER_VALUE,ANSWER_VALUE_SEARCH,USER_TEXT,USER_TEXT_SEARCH,USER_DATE,USER_FILE_ID,USER_FILE_NAME) values(5561,186,4,146,604,'высшее','ВЫСШЕЕ','3','3',null,'НЕ ПОМНЮ',TO_DATE('', 'YYYY-MM-DD HH24:MI:SS'),null,null)
/
insert into b_form_result_answer (ID,RESULT_ID,FORM_ID,FIELD_ID,ANSWER_ID,ANSWER_TEXT,ANSWER_TEXT_SEARCH,ANSWER_VALUE,ANSWER_VALUE_SEARCH,USER_TEXT,USER_TEXT_SEARCH,USER_DATE,USER_FILE_ID,USER_FILE_NAME) values(5555,186,4,140,586,null,null,null,null,'Иванов Дмитрий Витальевич','ИВАНОВ ДМИТРИЙ ВИТАЛЬЕВИЧ',TO_DATE('', 'YYYY-MM-DD HH24:MI:SS'),null,null)
/
insert into b_form_result_answer (ID,RESULT_ID,FORM_ID,FIELD_ID,ANSWER_ID,ANSWER_TEXT,ANSWER_TEXT_SEARCH,ANSWER_VALUE,ANSWER_VALUE_SEARCH,USER_TEXT,USER_TEXT_SEARCH,USER_DATE,USER_FILE_ID,USER_FILE_NAME) values(5556,186,4,141,587,null,null,null,null,'18.06.1973','18.06.1973',TO_DATE('1973-06-18 00:00:00', 'YYYY-MM-DD HH24:MI:SS'),null,null)
/
insert into b_form_result_answer (ID,RESULT_ID,FORM_ID,FIELD_ID,ANSWER_ID,ANSWER_TEXT,ANSWER_TEXT_SEARCH,ANSWER_VALUE,ANSWER_VALUE_SEARCH,USER_TEXT,USER_TEXT_SEARCH,USER_DATE,USER_FILE_ID,USER_FILE_NAME) values(5557,186,4,142,588,null,null,null,null,'не помню','НЕ ПОМНЮ',TO_DATE('', 'YYYY-MM-DD HH24:MI:SS'),null,null)
/
insert into b_form_result_answer (ID,RESULT_ID,FORM_ID,FIELD_ID,ANSWER_ID,ANSWER_TEXT,ANSWER_TEXT_SEARCH,ANSWER_VALUE,ANSWER_VALUE_SEARCH,USER_TEXT,USER_TEXT_SEARCH,USER_DATE,USER_FILE_ID,USER_FILE_NAME) values(5558,186,4,143,589,'да','ДА',null,null,null,'НЕ ПОМНЮ',TO_DATE('', 'YYYY-MM-DD HH24:MI:SS'),null,null)
/
insert into b_form_result_answer (ID,RESULT_ID,FORM_ID,FIELD_ID,ANSWER_ID,ANSWER_TEXT,ANSWER_TEXT_SEARCH,ANSWER_VALUE,ANSWER_VALUE_SEARCH,USER_TEXT,USER_TEXT_SEARCH,USER_DATE,USER_FILE_ID,USER_FILE_NAME) values(5559,186,4,144,595,'програмирование','ПРОГРАМИРОВАНИЕ','5','5',null,'НЕ ПОМНЮ',TO_DATE('', 'YYYY-MM-DD HH24:MI:SS'),null,null)
/
insert into b_form_result_answer (ID,RESULT_ID,FORM_ID,FIELD_ID,ANSWER_ID,ANSWER_TEXT,ANSWER_TEXT_SEARCH,ANSWER_VALUE,ANSWER_VALUE_SEARCH,USER_TEXT,USER_TEXT_SEARCH,USER_DATE,USER_FILE_ID,USER_FILE_NAME) values(5546,138,4,148,607,null,null,null,null,null,'600',TO_DATE('', 'YYYY-MM-DD HH24:MI:SS'),1038,null)
/
insert into b_form_result_answer (ID,RESULT_ID,FORM_ID,FIELD_ID,ANSWER_ID,ANSWER_TEXT,ANSWER_TEXT_SEARCH,ANSWER_VALUE,ANSWER_VALUE_SEARCH,USER_TEXT,USER_TEXT_SEARCH,USER_DATE,USER_FILE_ID,USER_FILE_NAME) values(5545,138,4,147,606,null,null,null,null,'600','600',TO_DATE('', 'YYYY-MM-DD HH24:MI:SS'),null,null)
/
insert into b_form_result_answer (ID,RESULT_ID,FORM_ID,FIELD_ID,ANSWER_ID,ANSWER_TEXT,ANSWER_TEXT_SEARCH,ANSWER_VALUE,ANSWER_VALUE_SEARCH,USER_TEXT,USER_TEXT_SEARCH,USER_DATE,USER_FILE_ID,USER_FILE_NAME) values(5506,185,4,144,594,'иностранные языки','ИСТОРИЯ ИНОСТРАННЫЕ ЯЗЫКИ ПРОГРАМИРОВАНИЕ','4','3 4 5',null,'Г. ВЛАДИВОСТОК',TO_DATE('', 'YYYY-MM-DD HH24:MI:SS'),null,null)
/
insert into b_form_result_answer (ID,RESULT_ID,FORM_ID,FIELD_ID,ANSWER_ID,ANSWER_TEXT,ANSWER_TEXT_SEARCH,ANSWER_VALUE,ANSWER_VALUE_SEARCH,USER_TEXT,USER_TEXT_SEARCH,USER_DATE,USER_FILE_ID,USER_FILE_NAME) values(5507,185,4,144,595,'програмирование','ИСТОРИЯ ИНОСТРАННЫЕ ЯЗЫКИ ПРОГРАМИРОВАНИЕ','5','3 4 5',null,'Г. ВЛАДИВОСТОК',TO_DATE('', 'YYYY-MM-DD HH24:MI:SS'),null,null)
/
insert into b_form_result_answer (ID,RESULT_ID,FORM_ID,FIELD_ID,ANSWER_ID,ANSWER_TEXT,ANSWER_TEXT_SEARCH,ANSWER_VALUE,ANSWER_VALUE_SEARCH,USER_TEXT,USER_TEXT_SEARCH,USER_DATE,USER_FILE_ID,USER_FILE_NAME) values(5505,185,4,144,593,'история','ИСТОРИЯ ИНОСТРАННЫЕ ЯЗЫКИ ПРОГРАМИРОВАНИЕ','3','3 4 5',null,'Г. ВЛАДИВОСТОК',TO_DATE('', 'YYYY-MM-DD HH24:MI:SS'),null,null)
/
insert into b_form_result_answer (ID,RESULT_ID,FORM_ID,FIELD_ID,ANSWER_ID,ANSWER_TEXT,ANSWER_TEXT_SEARCH,ANSWER_VALUE,ANSWER_VALUE_SEARCH,USER_TEXT,USER_TEXT_SEARCH,USER_DATE,USER_FILE_ID,USER_FILE_NAME) values(5504,185,4,143,589,'да','ДА',null,null,null,'Г. ВЛАДИВОСТОК',TO_DATE('', 'YYYY-MM-DD HH24:MI:SS'),null,null)
/
insert into b_form_result_answer (ID,RESULT_ID,FORM_ID,FIELD_ID,ANSWER_ID,ANSWER_TEXT,ANSWER_TEXT_SEARCH,ANSWER_VALUE,ANSWER_VALUE_SEARCH,USER_TEXT,USER_TEXT_SEARCH,USER_DATE,USER_FILE_ID,USER_FILE_NAME) values(5502,185,4,141,587,null,null,null,null,'18.09.1946','18.09.1946',TO_DATE('1946-09-18 00:00:00', 'YYYY-MM-DD HH24:MI:SS'),null,null)
/
insert into b_form_result_answer (ID,RESULT_ID,FORM_ID,FIELD_ID,ANSWER_ID,ANSWER_TEXT,ANSWER_TEXT_SEARCH,ANSWER_VALUE,ANSWER_VALUE_SEARCH,USER_TEXT,USER_TEXT_SEARCH,USER_DATE,USER_FILE_ID,USER_FILE_NAME) values(5503,185,4,142,588,null,null,null,null,'г. Владивосток','Г. ВЛАДИВОСТОК',TO_DATE('', 'YYYY-MM-DD HH24:MI:SS'),null,null)
/
insert into b_form_result_answer (ID,RESULT_ID,FORM_ID,FIELD_ID,ANSWER_ID,ANSWER_TEXT,ANSWER_TEXT_SEARCH,ANSWER_VALUE,ANSWER_VALUE_SEARCH,USER_TEXT,USER_TEXT_SEARCH,USER_DATE,USER_FILE_ID,USER_FILE_NAME) values(5501,185,4,140,586,null,null,null,null,'Масленков Юра','МАСЛЕНКОВ ЮРА',TO_DATE('', 'YYYY-MM-DD HH24:MI:SS'),null,null)
/
insert into b_form_result_answer (ID,RESULT_ID,FORM_ID,FIELD_ID,ANSWER_ID,ANSWER_TEXT,ANSWER_TEXT_SEARCH,ANSWER_VALUE,ANSWER_VALUE_SEARCH,USER_TEXT,USER_TEXT_SEARCH,USER_DATE,USER_FILE_ID,USER_FILE_NAME) values(5421,144,4,140,586,null,null,null,null,'Петрикин Виктор Анатольевич','ПЕТРИКИН ВИКТОР АНАТОЛЬЕВИЧ',TO_DATE('', 'YYYY-MM-DD HH24:MI:SS'),null,null)
/
insert into b_form_result_answer (ID,RESULT_ID,FORM_ID,FIELD_ID,ANSWER_ID,ANSWER_TEXT,ANSWER_TEXT_SEARCH,ANSWER_VALUE,ANSWER_VALUE_SEARCH,USER_TEXT,USER_TEXT_SEARCH,USER_DATE,USER_FILE_ID,USER_FILE_NAME) values(5528,136,4,144,593,'история','ФИЗИКА ИСТОРИЯ ПРОГРАМИРОВАНИЕ','3','2 3 5',null,'Г. КАЛИНИНГРАД УЛ. БАТАЛЬНАЯ 26-4',TO_DATE('', 'YYYY-MM-DD HH24:MI:SS'),null,null)
/
insert into b_form_result_answer (ID,RESULT_ID,FORM_ID,FIELD_ID,ANSWER_ID,ANSWER_TEXT,ANSWER_TEXT_SEARCH,ANSWER_VALUE,ANSWER_VALUE_SEARCH,USER_TEXT,USER_TEXT_SEARCH,USER_DATE,USER_FILE_ID,USER_FILE_NAME) values(5524,136,4,141,587,null,null,null,null,'01.01.1953','01.01.1953',TO_DATE('1953-01-01 00:00:00', 'YYYY-MM-DD HH24:MI:SS'),null,null)
/
insert into b_form_result_answer (ID,RESULT_ID,FORM_ID,FIELD_ID,ANSWER_ID,ANSWER_TEXT,ANSWER_TEXT_SEARCH,ANSWER_VALUE,ANSWER_VALUE_SEARCH,USER_TEXT,USER_TEXT_SEARCH,USER_DATE,USER_FILE_ID,USER_FILE_NAME) values(5523,136,4,140,586,null,null,null,null,'Соловьев Николай Петрович','СОЛОВЬЕВ НИКОЛАЙ ПЕТРОВИЧ',TO_DATE('', 'YYYY-MM-DD HH24:MI:SS'),null,null)
/

insert into b_form_status (ID,FORM_ID,TIMESTAMP_X,ACTIVE,C_SORT,TITLE,DESCRIPTION,DEFAULT_VALUE,CSS,HANDLER_OUT,HANDLER_IN) values(1,4,TO_DATE('2004-11-11 17:53:02', 'YYYY-MM-DD HH24:MI:SS'),'Y',100,'Опубликована','результаты доступны для просмотра всем посетителям сайта','N','statusgreen',null,null)
/
insert into b_form_status (ID,FORM_ID,TIMESTAMP_X,ACTIVE,C_SORT,TITLE,DESCRIPTION,DEFAULT_VALUE,CSS,HANDLER_OUT,HANDLER_IN) values(4,4,TO_DATE('2004-11-11 17:53:52', 'YYYY-MM-DD HH24:MI:SS'),'Y',200,'Черновик','результаты доступны для редактирования и просмотра только создателям','Y','statusgrey',null,null)
/
insert into b_form_status (ID,FORM_ID,TIMESTAMP_X,ACTIVE,C_SORT,TITLE,DESCRIPTION,DEFAULT_VALUE,CSS,HANDLER_OUT,HANDLER_IN) values(6,4,TO_DATE('2004-11-11 17:54:43', 'YYYY-MM-DD HH24:MI:SS'),'Y',400,'Удалена','результат никому не доступен кроме администратора','N','statusblack',null,null)
/
insert into b_form_status (ID,FORM_ID,TIMESTAMP_X,ACTIVE,C_SORT,TITLE,DESCRIPTION,DEFAULT_VALUE,CSS,HANDLER_OUT,HANDLER_IN) values(7,4,TO_DATE('2003-10-03 14:26:06', 'YYYY-MM-DD HH24:MI:SS'),'Y',150,'Анонсирована','результаты доступны для просмотра всем посетителям сайта','N','statusred',null,null)
/


insert into b_form_status_2_group (ID,STATUS_ID,GROUP_ID,PERMISSION) values(18,7,0,'MOVE')
/
insert into b_form_status_2_group (ID,STATUS_ID,GROUP_ID,PERMISSION) values(17,7,0,'VIEW')
/
insert into b_form_status_2_group (ID,STATUS_ID,GROUP_ID,PERMISSION) values(16,7,0,'EDIT')
/
insert into b_form_status_2_group (ID,STATUS_ID,GROUP_ID,PERMISSION) values(15,7,0,'DELETE')
/
insert into b_form_status_2_group (ID,STATUS_ID,GROUP_ID,PERMISSION) values(27,4,0,'DELETE')
/
insert into b_form_status_2_group (ID,STATUS_ID,GROUP_ID,PERMISSION) values(26,4,0,'EDIT')
/
insert into b_form_status_2_group (ID,STATUS_ID,GROUP_ID,PERMISSION) values(25,4,0,'MOVE')
/
insert into b_form_status_2_group (ID,STATUS_ID,GROUP_ID,PERMISSION) values(24,4,0,'VIEW')
/
insert into b_form_status_2_group (ID,STATUS_ID,GROUP_ID,PERMISSION) values(10,7,0,'MOVE')
/
insert into b_form_status_2_group (ID,STATUS_ID,GROUP_ID,PERMISSION) values(9,7,0,'VIEW')
/
insert into b_form_status_2_group (ID,STATUS_ID,GROUP_ID,PERMISSION) values(8,7,2,'VIEW')
/
insert into b_form_status_2_group (ID,STATUS_ID,GROUP_ID,PERMISSION) values(22,1,0,'EDIT')
/
insert into b_form_status_2_group (ID,STATUS_ID,GROUP_ID,PERMISSION) values(21,1,0,'MOVE')
/
insert into b_form_status_2_group (ID,STATUS_ID,GROUP_ID,PERMISSION) values(20,1,2,'VIEW')
/
insert into b_form_status_2_group (ID,STATUS_ID,GROUP_ID,PERMISSION) values(19,1,0,'VIEW')
/
insert into b_form_status_2_group (ID,STATUS_ID,GROUP_ID,PERMISSION) values(23,1,0,'DELETE')
/


DROP SEQUENCE SQ_B_FORM
/
CREATE SEQUENCE SQ_B_FORM START WITH 5 INCREMENT BY 1 NOMAXVALUE NOCYCLE NOCACHE NOORDER
/
DROP SEQUENCE SQ_B_FORM_ANSWER
/
CREATE SEQUENCE SQ_B_FORM_ANSWER START WITH 609 INCREMENT BY 1 NOMAXVALUE NOCYCLE NOCACHE NOORDER
/
DROP SEQUENCE SQ_B_FORM_FIELD
/
CREATE SEQUENCE SQ_B_FORM_FIELD START WITH 149 INCREMENT BY 1 NOMAXVALUE NOCYCLE NOCACHE NOORDER
/
DROP SEQUENCE SQ_B_FORM_FIELD_FILTER
/
CREATE SEQUENCE SQ_B_FORM_FIELD_FILTER START WITH 99 INCREMENT BY 1 NOMAXVALUE NOCYCLE NOCACHE NOORDER
/
DROP SEQUENCE SQ_B_FORM_MENU
/
CREATE SEQUENCE SQ_B_FORM_MENU START WITH 357 INCREMENT BY 1 NOMAXVALUE NOCYCLE NOCACHE NOORDER
/
DROP SEQUENCE SQ_B_FORM_RESULT
/
CREATE SEQUENCE SQ_B_FORM_RESULT START WITH 187 INCREMENT BY 1 NOMAXVALUE NOCYCLE NOCACHE NOORDER
/
DROP SEQUENCE SQ_B_FORM_RESULT_ANSWER
/
CREATE SEQUENCE SQ_B_FORM_RESULT_ANSWER START WITH 5563 INCREMENT BY 1 NOMAXVALUE NOCYCLE NOCACHE NOORDER
/
DROP SEQUENCE SQ_B_FORM_2_GROUP
/
CREATE SEQUENCE SQ_B_FORM_2_GROUP START WITH 1 INCREMENT BY 1 NOMAXVALUE NOCYCLE NOCACHE NOORDER
/
DROP SEQUENCE SQ_B_FORM_STATUS
/
CREATE SEQUENCE SQ_B_FORM_STATUS START WITH 8 INCREMENT BY 1 NOMAXVALUE NOCYCLE NOCACHE NOORDER
/
DROP SEQUENCE SQ_B_FORM_STATUS_2_GROUP
/
CREATE SEQUENCE SQ_B_FORM_STATUS_2_GROUP START WITH 28 INCREMENT BY 1 NOMAXVALUE NOCYCLE NOCACHE NOORDER
/
