SET IDENTITY_INSERT B_FORM ON
GO
INSERT INTO B_FORM (ID,TIMESTAMP_X,NAME,SID,BUTTON,C_SORT,FIRST_SITE_ID,IMAGE_ID,DESCRIPTION,DESCRIPTION_TYPE,SHOW_TEMPLATE,MAIL_EVENT_TYPE,SHOW_RESULT_TEMPLATE,PRINT_RESULT_TEMPLATE,EDIT_RESULT_TEMPLATE,FILTER_RESULT_TEMPLATE,TABLE_RESULT_TEMPLATE,STAT_EVENT1,STAT_EVENT2,STAT_EVENT3) VALUES (4, convert(datetime, '2003-10-03 12:18:45', 120),'Анкета посетителя сайта','ANKETA','Сохранить',300,'ru',1053,'Тестовая форма. Предназначена для сбора и хранения данных посетителей сайта.','text','default.php','FORM_FILLING_ANKETA','default.php','default.php','default.php',null,null,'form','anketa',null)
GO
SET IDENTITY_INSERT B_FORM OFF
GO

INSERT INTO B_FORM_2_SITE (FORM_ID,SITE_ID) VALUES (4,'ru')
GO

SET IDENTITY_INSERT B_FORM_ANSWER ON
GO
INSERT INTO B_FORM_ANSWER (ID,FIELD_ID,TIMESTAMP_X,MESSAGE,C_SORT,ACTIVE,VALUE,FIELD_TYPE,FIELD_WIDTH,FIELD_HEIGHT,FIELD_PARAM) VALUES (586,140, convert(datetime, '2003-08-28 11:45:57', 120),' ',100,'Y',null,'text',50,0,null)
GO
INSERT INTO B_FORM_ANSWER (ID,FIELD_ID,TIMESTAMP_X,MESSAGE,C_SORT,ACTIVE,VALUE,FIELD_TYPE,FIELD_WIDTH,FIELD_HEIGHT,FIELD_PARAM) VALUES (587,141, convert(datetime, '2003-09-16 17:27:16', 120),' ',100,'Y',null,'date',10,0,null)
GO
INSERT INTO B_FORM_ANSWER (ID,FIELD_ID,TIMESTAMP_X,MESSAGE,C_SORT,ACTIVE,VALUE,FIELD_TYPE,FIELD_WIDTH,FIELD_HEIGHT,FIELD_PARAM) VALUES (588,142, convert(datetime, '2003-08-25 16:46:52', 120),' ',100,'Y',null,'textarea',30,10,null)
GO
INSERT INTO B_FORM_ANSWER (ID,FIELD_ID,TIMESTAMP_X,MESSAGE,C_SORT,ACTIVE,VALUE,FIELD_TYPE,FIELD_WIDTH,FIELD_HEIGHT,FIELD_PARAM) VALUES (589,143, convert(datetime, '2004-11-11 18:13:21', 120),'да',100,'Y',null,'radio',0,0,'SELECTED class="inputradio"')
GO
INSERT INTO B_FORM_ANSWER (ID,FIELD_ID,TIMESTAMP_X,MESSAGE,C_SORT,ACTIVE,VALUE,FIELD_TYPE,FIELD_WIDTH,FIELD_HEIGHT,FIELD_PARAM) VALUES (590,143, convert(datetime, '2004-11-11 18:13:21', 120),'нет',200,'Y',null,'radio',0,0,null)
GO
INSERT INTO B_FORM_ANSWER (ID,FIELD_ID,TIMESTAMP_X,MESSAGE,C_SORT,ACTIVE,VALUE,FIELD_TYPE,FIELD_WIDTH,FIELD_HEIGHT,FIELD_PARAM) VALUES (591,144, convert(datetime, '2004-11-11 18:11:21', 120),'математика',100,'Y','1','checkbox',0,0,null)
GO
INSERT INTO B_FORM_ANSWER (ID,FIELD_ID,TIMESTAMP_X,MESSAGE,C_SORT,ACTIVE,VALUE,FIELD_TYPE,FIELD_WIDTH,FIELD_HEIGHT,FIELD_PARAM) VALUES (592,144, convert(datetime, '2004-11-11 18:11:21', 120),'физика',200,'Y','2','checkbox',0,0,null)
GO
INSERT INTO B_FORM_ANSWER (ID,FIELD_ID,TIMESTAMP_X,MESSAGE,C_SORT,ACTIVE,VALUE,FIELD_TYPE,FIELD_WIDTH,FIELD_HEIGHT,FIELD_PARAM) VALUES (593,144, convert(datetime, '2004-11-11 18:11:21', 120),'история',300,'Y','3','checkbox',0,0,null)
GO
INSERT INTO B_FORM_ANSWER (ID,FIELD_ID,TIMESTAMP_X,MESSAGE,C_SORT,ACTIVE,VALUE,FIELD_TYPE,FIELD_WIDTH,FIELD_HEIGHT,FIELD_PARAM) VALUES (594,144, convert(datetime, '2004-11-11 18:11:21', 120),'иностранные языки',400,'Y','4','checkbox',0,0,null)
GO
INSERT INTO B_FORM_ANSWER (ID,FIELD_ID,TIMESTAMP_X,MESSAGE,C_SORT,ACTIVE,VALUE,FIELD_TYPE,FIELD_WIDTH,FIELD_HEIGHT,FIELD_PARAM) VALUES (595,144, convert(datetime, '2004-11-11 18:11:21', 120),'програмирование',500,'Y','5','checkbox',0,0,'SELECTED class=inputcheckbox')
GO
INSERT INTO B_FORM_ANSWER (ID,FIELD_ID,TIMESTAMP_X,MESSAGE,C_SORT,ACTIVE,VALUE,FIELD_TYPE,FIELD_WIDTH,FIELD_HEIGHT,FIELD_PARAM) VALUES (596,145, convert(datetime, '2004-11-11 18:12:21', 120),'10-19',100,'Y','10','dropdown',0,0,null)
GO
INSERT INTO B_FORM_ANSWER (ID,FIELD_ID,TIMESTAMP_X,MESSAGE,C_SORT,ACTIVE,VALUE,FIELD_TYPE,FIELD_WIDTH,FIELD_HEIGHT,FIELD_PARAM) VALUES (597,145, convert(datetime, '2004-11-11 18:12:21', 120),'20-29',200,'Y','20','dropdown',0,0,'SELECTED')
GO
INSERT INTO B_FORM_ANSWER (ID,FIELD_ID,TIMESTAMP_X,MESSAGE,C_SORT,ACTIVE,VALUE,FIELD_TYPE,FIELD_WIDTH,FIELD_HEIGHT,FIELD_PARAM) VALUES (598,145, convert(datetime, '2004-11-11 18:12:21', 120),'30-39',300,'Y','30','dropdown',0,0,null)
GO
INSERT INTO B_FORM_ANSWER (ID,FIELD_ID,TIMESTAMP_X,MESSAGE,C_SORT,ACTIVE,VALUE,FIELD_TYPE,FIELD_WIDTH,FIELD_HEIGHT,FIELD_PARAM) VALUES (599,145, convert(datetime, '2004-11-11 18:12:21', 120),'40-49',400,'Y','40','dropdown',0,0,null)
GO
INSERT INTO B_FORM_ANSWER (ID,FIELD_ID,TIMESTAMP_X,MESSAGE,C_SORT,ACTIVE,VALUE,FIELD_TYPE,FIELD_WIDTH,FIELD_HEIGHT,FIELD_PARAM) VALUES (600,145, convert(datetime, '2004-11-11 18:12:21', 120),'50-59',500,'Y','50','dropdown',0,0,null)
GO
INSERT INTO B_FORM_ANSWER (ID,FIELD_ID,TIMESTAMP_X,MESSAGE,C_SORT,ACTIVE,VALUE,FIELD_TYPE,FIELD_WIDTH,FIELD_HEIGHT,FIELD_PARAM) VALUES (601,145, convert(datetime, '2004-11-11 18:12:21', 120),'60 и старше',600,'Y','60','dropdown',0,0,null)
GO
INSERT INTO B_FORM_ANSWER (ID,FIELD_ID,TIMESTAMP_X,MESSAGE,C_SORT,ACTIVE,VALUE,FIELD_TYPE,FIELD_WIDTH,FIELD_HEIGHT,FIELD_PARAM) VALUES (602,146, convert(datetime, '2003-09-12 15:55:02', 120),'начальное',100,'Y','1','multiselect',0,0,null)
GO
INSERT INTO B_FORM_ANSWER (ID,FIELD_ID,TIMESTAMP_X,MESSAGE,C_SORT,ACTIVE,VALUE,FIELD_TYPE,FIELD_WIDTH,FIELD_HEIGHT,FIELD_PARAM) VALUES (603,146, convert(datetime, '2003-09-12 15:55:02', 120),'средне-специальное',200,'Y','2','multiselect',0,0,null)
GO
INSERT INTO B_FORM_ANSWER (ID,FIELD_ID,TIMESTAMP_X,MESSAGE,C_SORT,ACTIVE,VALUE,FIELD_TYPE,FIELD_WIDTH,FIELD_HEIGHT,FIELD_PARAM) VALUES (604,146, convert(datetime, '2003-09-12 15:55:02', 120),'высшее',300,'Y','3','multiselect',0,0,'SELECTED')
GO
INSERT INTO B_FORM_ANSWER (ID,FIELD_ID,TIMESTAMP_X,MESSAGE,C_SORT,ACTIVE,VALUE,FIELD_TYPE,FIELD_WIDTH,FIELD_HEIGHT,FIELD_PARAM) VALUES (605,146, convert(datetime, '2003-09-12 15:55:02', 120),'ясли с отличием',400,'Y','0','multiselect',0,0,null)
GO
INSERT INTO B_FORM_ANSWER (ID,FIELD_ID,TIMESTAMP_X,MESSAGE,C_SORT,ACTIVE,VALUE,FIELD_TYPE,FIELD_WIDTH,FIELD_HEIGHT,FIELD_PARAM) VALUES (606,147, convert(datetime, '2003-08-28 16:49:55', 120),' ',100,'Y',null,'text',10,0,null)
GO
INSERT INTO B_FORM_ANSWER (ID,FIELD_ID,TIMESTAMP_X,MESSAGE,C_SORT,ACTIVE,VALUE,FIELD_TYPE,FIELD_WIDTH,FIELD_HEIGHT,FIELD_PARAM) VALUES (607,148, convert(datetime, '2003-08-25 17:42:19', 120),' ',100,'Y',null,'image',30,0,null)
GO
INSERT INTO B_FORM_ANSWER (ID,FIELD_ID,TIMESTAMP_X,MESSAGE,C_SORT,ACTIVE,VALUE,FIELD_TYPE,FIELD_WIDTH,FIELD_HEIGHT,FIELD_PARAM) VALUES (608,145, convert(datetime, '2004-11-11 18:12:21', 120),'-',50,'Y',null,'dropdown',0,0,'NOT_ANSWER class="inputselect"')
GO
SET IDENTITY_INSERT B_FORM_ANSWER OFF
GO


SET IDENTITY_INSERT B_FORM_FIELD ON
GO
INSERT INTO B_FORM_FIELD (ID,FORM_ID,TIMESTAMP_X,ACTIVE,TITLE,TITLE_TYPE,SID,C_SORT,ADDITIONAL,REQUIRED,IN_FILTER,IN_RESULTS_TABLE,IN_EXCEL_TABLE,FIELD_TYPE,IMAGE_ID,COMMENTS,FILTER_TITLE,RESULTS_TABLE_TITLE) VALUES (141,4, convert(datetime, '2003-09-16 17:27:16', 120),'Y','Дата рождения','text','VS_BIRTHDAY',200,'N','Y','Y','Y','Y',null,null,null,null,null)
GO
INSERT INTO B_FORM_FIELD (ID,FORM_ID,TIMESTAMP_X,ACTIVE,TITLE,TITLE_TYPE,SID,C_SORT,ADDITIONAL,REQUIRED,IN_FILTER,IN_RESULTS_TABLE,IN_EXCEL_TABLE,FIELD_TYPE,IMAGE_ID,COMMENTS,FILTER_TITLE,RESULTS_TABLE_TITLE) VALUES (140,4, convert(datetime, '2003-08-28 11:45:57', 120),'Y','<font class="text"><b>Фамилия, имя, отчество<GOb><GOfont>','html','VS_NAME',100,'N','Y','Y','Y','Y',null,null,null,null,null)
GO
INSERT INTO B_FORM_FIELD (ID,FORM_ID,TIMESTAMP_X,ACTIVE,TITLE,TITLE_TYPE,SID,C_SORT,ADDITIONAL,REQUIRED,IN_FILTER,IN_RESULTS_TABLE,IN_EXCEL_TABLE,FIELD_TYPE,IMAGE_ID,COMMENTS,FILTER_TITLE,RESULTS_TABLE_TITLE) VALUES (142,4, convert(datetime, '2003-08-25 16:46:52', 120),'Y','Адрес','text','VS_ADDRESS',300,'N','Y','Y','Y','Y',null,null,null,null,null)
GO
INSERT INTO B_FORM_FIELD (ID,FORM_ID,TIMESTAMP_X,ACTIVE,TITLE,TITLE_TYPE,SID,C_SORT,ADDITIONAL,REQUIRED,IN_FILTER,IN_RESULTS_TABLE,IN_EXCEL_TABLE,FIELD_TYPE,IMAGE_ID,COMMENTS,FILTER_TITLE,RESULTS_TABLE_TITLE) VALUES (144,4, convert(datetime, '2004-11-11 18:11:21', 120),'Y','Какие области знаний вас интересуют ?','text','VS_INTEREST',500,'N','N','Y','Y','Y',null,null,null,null,null)
GO
INSERT INTO B_FORM_FIELD (ID,FORM_ID,TIMESTAMP_X,ACTIVE,TITLE,TITLE_TYPE,SID,C_SORT,ADDITIONAL,REQUIRED,IN_FILTER,IN_RESULTS_TABLE,IN_EXCEL_TABLE,FIELD_TYPE,IMAGE_ID,COMMENTS,FILTER_TITLE,RESULTS_TABLE_TITLE) VALUES (145,4, convert(datetime, '2004-11-11 18:12:21', 120),'Y','Ваш возраст','text','VS_AGE',600,'N','Y','Y','Y','Y',null,null,null,null,null)
GO
INSERT INTO B_FORM_FIELD (ID,FORM_ID,TIMESTAMP_X,ACTIVE,TITLE,TITLE_TYPE,SID,C_SORT,ADDITIONAL,REQUIRED,IN_FILTER,IN_RESULTS_TABLE,IN_EXCEL_TABLE,FIELD_TYPE,IMAGE_ID,COMMENTS,FILTER_TITLE,RESULTS_TABLE_TITLE) VALUES (146,4, convert(datetime, '2003-09-16 15:52:48', 120),'Y','Ваше образование','text','VS_EDUCATION',700,'N','N','Y','Y','Y',null,null,null,null,null)
GO
INSERT INTO B_FORM_FIELD (ID,FORM_ID,TIMESTAMP_X,ACTIVE,TITLE,TITLE_TYPE,SID,C_SORT,ADDITIONAL,REQUIRED,IN_FILTER,IN_RESULTS_TABLE,IN_EXCEL_TABLE,FIELD_TYPE,IMAGE_ID,COMMENTS,FILTER_TITLE,RESULTS_TABLE_TITLE) VALUES (147,4, convert(datetime, '2003-08-28 19:17:10', 120),'Y','Годовой доход ($)','text','VS_INCOME',800,'N','N','Y','Y','Y',null,null,null,null,null)
GO
INSERT INTO B_FORM_FIELD (ID,FORM_ID,TIMESTAMP_X,ACTIVE,TITLE,TITLE_TYPE,SID,C_SORT,ADDITIONAL,REQUIRED,IN_FILTER,IN_RESULTS_TABLE,IN_EXCEL_TABLE,FIELD_TYPE,IMAGE_ID,COMMENTS,FILTER_TITLE,RESULTS_TABLE_TITLE) VALUES (148,4, convert(datetime, '2003-08-28 19:17:10', 120),'Y','Фотография','text','VS_PHOTO',900,'N','N','N','Y','Y','N',null,null,null,null)
GO
INSERT INTO B_FORM_FIELD (ID,FORM_ID,TIMESTAMP_X,ACTIVE,TITLE,TITLE_TYPE,SID,C_SORT,ADDITIONAL,REQUIRED,IN_FILTER,IN_RESULTS_TABLE,IN_EXCEL_TABLE,FIELD_TYPE,IMAGE_ID,COMMENTS,FILTER_TITLE,RESULTS_TABLE_TITLE) VALUES (143,4, convert(datetime, '2004-11-11 18:13:21', 120),'Y','Вы женаты GO замужем ?','text','VS_MARRIED',400,'N','Y','Y','Y','Y',null,null,null,null,null)
GO
SET IDENTITY_INSERT B_FORM_FIELD OFF
GO


SET IDENTITY_INSERT B_FORM_FIELD_FILTER ON
GO
INSERT INTO B_FORM_FIELD_FILTER (ID,FIELD_ID,PARAMETER_NAME,FILTER_TYPE) VALUES (3,142,'USER','text')
GO
INSERT INTO B_FORM_FIELD_FILTER (ID,FIELD_ID,PARAMETER_NAME,FILTER_TYPE) VALUES (98,143,'ANSWER_TEXT','dropdown')
GO
INSERT INTO B_FORM_FIELD_FILTER (ID,FIELD_ID,PARAMETER_NAME,FILTER_TYPE) VALUES (95,144,'ANSWER_TEXT','dropdown')
GO
INSERT INTO B_FORM_FIELD_FILTER (ID,FIELD_ID,PARAMETER_NAME,FILTER_TYPE) VALUES (94,144,'ANSWER_TEXT','text')
GO
INSERT INTO B_FORM_FIELD_FILTER (ID,FIELD_ID,PARAMETER_NAME,FILTER_TYPE) VALUES (81,146,'ANSWER_TEXT','text')
GO
INSERT INTO B_FORM_FIELD_FILTER (ID,FIELD_ID,PARAMETER_NAME,FILTER_TYPE) VALUES (97,145,'ANSWER_VALUE','integer')
GO
INSERT INTO B_FORM_FIELD_FILTER (ID,FIELD_ID,PARAMETER_NAME,FILTER_TYPE) VALUES (54,147,'USER','integer')
GO
INSERT INTO B_FORM_FIELD_FILTER (ID,FIELD_ID,PARAMETER_NAME,FILTER_TYPE) VALUES (89,141,'USER','date')
GO
INSERT INTO B_FORM_FIELD_FILTER (ID,FIELD_ID,PARAMETER_NAME,FILTER_TYPE) VALUES (96,145,'ANSWER_TEXT','dropdown')
GO
INSERT INTO B_FORM_FIELD_FILTER (ID,FIELD_ID,PARAMETER_NAME,FILTER_TYPE) VALUES (46,140,'USER','text')
GO
INSERT INTO B_FORM_FIELD_FILTER (ID,FIELD_ID,PARAMETER_NAME,FILTER_TYPE) VALUES (82,146,'ANSWER_TEXT','dropdown')
GO
SET IDENTITY_INSERT B_FORM_FIELD_FILTER OFF
GO


SET IDENTITY_INSERT B_FORM_MENU ON
GO
INSERT INTO B_FORM_MENU (ID,FORM_ID,LID,MENU) VALUES (356,4,'en','Visitor questionnaire')
GO
INSERT INTO B_FORM_MENU (ID,FORM_ID,LID,MENU) VALUES (355,4,'ru','Анкета посетителя')
GO
SET IDENTITY_INSERT B_FORM_MENU OFF
GO


SET IDENTITY_INSERT B_FORM_RESULT ON
GO
INSERT INTO B_FORM_RESULT (ID,TIMESTAMP_X,DATE_CREATE,STATUS_ID,FORM_ID,USER_ID,USER_AUTH,STAT_GUEST_ID,STAT_SESSION_ID) VALUES (136, convert(datetime, '2004-11-11 17:47:58', 120), convert(datetime, '2003-09-12 15:16:47', 120),1,4,2,'Y',32904,40267)
GO
INSERT INTO B_FORM_RESULT (ID,TIMESTAMP_X,DATE_CREATE,STATUS_ID,FORM_ID,USER_ID,USER_AUTH,STAT_GUEST_ID,STAT_SESSION_ID) VALUES (138, convert(datetime, '2004-11-11 17:48:23', 120), convert(datetime, '2003-09-12 15:22:35', 120),1,4,2,'Y',32904,40267)
GO
INSERT INTO B_FORM_RESULT (ID,TIMESTAMP_X,DATE_CREATE,STATUS_ID,FORM_ID,USER_ID,USER_AUTH,STAT_GUEST_ID,STAT_SESSION_ID) VALUES (140, convert(datetime, '2003-09-12 19:14:12', 120), convert(datetime, '2003-09-12 19:14:12', 120),1,4,2,'Y',32904,40267)
GO
INSERT INTO B_FORM_RESULT (ID,TIMESTAMP_X,DATE_CREATE,STATUS_ID,FORM_ID,USER_ID,USER_AUTH,STAT_GUEST_ID,STAT_SESSION_ID) VALUES (141, convert(datetime, '2003-10-02 19:04:51', 120), convert(datetime, '2003-09-15 13:18:45', 120),4,4,28,'Y',32904,40271)
GO
INSERT INTO B_FORM_RESULT (ID,TIMESTAMP_X,DATE_CREATE,STATUS_ID,FORM_ID,USER_ID,USER_AUTH,STAT_GUEST_ID,STAT_SESSION_ID) VALUES (142, convert(datetime, '2003-10-03 13:48:54', 120), convert(datetime, '2003-09-15 13:52:31', 120),4,4,28,'Y',32904,40271)
GO
INSERT INTO B_FORM_RESULT (ID,TIMESTAMP_X,DATE_CREATE,STATUS_ID,FORM_ID,USER_ID,USER_AUTH,STAT_GUEST_ID,STAT_SESSION_ID) VALUES (144, convert(datetime, '2003-10-03 14:25:13', 120), convert(datetime, '2003-09-15 17:07:45', 120),7,4,28,'Y',32904,40271)
GO
INSERT INTO B_FORM_RESULT (ID,TIMESTAMP_X,DATE_CREATE,STATUS_ID,FORM_ID,USER_ID,USER_AUTH,STAT_GUEST_ID,STAT_SESSION_ID) VALUES (186, convert(datetime, '2004-11-11 18:02:34', 120), convert(datetime, '2003-10-03 16:51:51', 120),4,4,116,'N',31975,40442)
GO
INSERT INTO B_FORM_RESULT (ID,TIMESTAMP_X,DATE_CREATE,STATUS_ID,FORM_ID,USER_ID,USER_AUTH,STAT_GUEST_ID,STAT_SESSION_ID) VALUES (185, convert(datetime, '2004-11-11 17:47:14', 120), convert(datetime, '2003-10-02 18:52:11', 120),7,4,116,'Y',32948,40437)
GO
SET IDENTITY_INSERT B_FORM_RESULT OFF
GO


SET IDENTITY_INSERT B_FORM_RESULT_ANSWER ON
GO
INSERT INTO B_FORM_RESULT_ANSWER (ID,RESULT_ID,FORM_ID,FIELD_ID,ANSWER_ID,ANSWER_TEXT,ANSWER_TEXT_SEARCH,ANSWER_VALUE,ANSWER_VALUE_SEARCH,USER_TEXT,USER_TEXT_SEARCH,USER_DATE,USER_FILE_ID,USER_FILE_NAME) VALUES (5534,136,4,147,606,null,null,null,null,'200','200', convert(datetime, '', 120),null,null)
GO
INSERT INTO B_FORM_RESULT_ANSWER (ID,RESULT_ID,FORM_ID,FIELD_ID,ANSWER_ID,ANSWER_TEXT,ANSWER_TEXT_SEARCH,ANSWER_VALUE,ANSWER_VALUE_SEARCH,USER_TEXT,USER_TEXT_SEARCH,USER_DATE,USER_FILE_ID,USER_FILE_NAME) VALUES (5542,138,4,145,599,'40-49','40-49','40','40',null,'Г. МОСКВА УЛ. ЛЕНИНА 21-6', convert(datetime, '', 120),null,null)
GO
INSERT INTO B_FORM_RESULT_ANSWER (ID,RESULT_ID,FORM_ID,FIELD_ID,ANSWER_ID,ANSWER_TEXT,ANSWER_TEXT_SEARCH,ANSWER_VALUE,ANSWER_VALUE_SEARCH,USER_TEXT,USER_TEXT_SEARCH,USER_DATE,USER_FILE_ID,USER_FILE_NAME) VALUES (5531,136,4,146,602,'начальное','НАЧАЛЬНОЕ СРЕДНЕ-СПЕЦИАЛЬНОЕ ВЫСШЕЕ','1','1 2 3',null,'Г. КАЛИНИНГРАД УЛ. БАТАЛЬНАЯ 26-4', convert(datetime, '', 120),null,null)
GO
INSERT INTO B_FORM_RESULT_ANSWER (ID,RESULT_ID,FORM_ID,FIELD_ID,ANSWER_ID,ANSWER_TEXT,ANSWER_TEXT_SEARCH,ANSWER_VALUE,ANSWER_VALUE_SEARCH,USER_TEXT,USER_TEXT_SEARCH,USER_DATE,USER_FILE_ID,USER_FILE_NAME) VALUES (5532,136,4,146,603,'средне-специальное','НАЧАЛЬНОЕ СРЕДНЕ-СПЕЦИАЛЬНОЕ ВЫСШЕЕ','2','1 2 3',null,'Г. КАЛИНИНГРАД УЛ. БАТАЛЬНАЯ 26-4', convert(datetime, '', 120),null,null)
GO
INSERT INTO B_FORM_RESULT_ANSWER (ID,RESULT_ID,FORM_ID,FIELD_ID,ANSWER_ID,ANSWER_TEXT,ANSWER_TEXT_SEARCH,ANSWER_VALUE,ANSWER_VALUE_SEARCH,USER_TEXT,USER_TEXT_SEARCH,USER_DATE,USER_FILE_ID,USER_FILE_NAME) VALUES (5533,136,4,146,604,'высшее','НАЧАЛЬНОЕ СРЕДНЕ-СПЕЦИАЛЬНОЕ ВЫСШЕЕ','3','1 2 3',null,'Г. КАЛИНИНГРАД УЛ. БАТАЛЬНАЯ 26-4', convert(datetime, '', 120),null,null)
GO
INSERT INTO B_FORM_RESULT_ANSWER (ID,RESULT_ID,FORM_ID,FIELD_ID,ANSWER_ID,ANSWER_TEXT,ANSWER_TEXT_SEARCH,ANSWER_VALUE,ANSWER_VALUE_SEARCH,USER_TEXT,USER_TEXT_SEARCH,USER_DATE,USER_FILE_ID,USER_FILE_NAME) VALUES (5429,144,4,147,606,null,null,null,null,'3000','3000', convert(datetime, '', 120),null,null)
GO
INSERT INTO B_FORM_RESULT_ANSWER (ID,RESULT_ID,FORM_ID,FIELD_ID,ANSWER_ID,ANSWER_TEXT,ANSWER_TEXT_SEARCH,ANSWER_VALUE,ANSWER_VALUE_SEARCH,USER_TEXT,USER_TEXT_SEARCH,USER_DATE,USER_FILE_ID,USER_FILE_NAME) VALUES (5530,136,4,145,599,'40-49','40-49','40','40',null,'Г. КАЛИНИНГРАД УЛ. БАТАЛЬНАЯ 26-4', convert(datetime, '', 120),null,null)
GO
INSERT INTO B_FORM_RESULT_ANSWER (ID,RESULT_ID,FORM_ID,FIELD_ID,ANSWER_ID,ANSWER_TEXT,ANSWER_TEXT_SEARCH,ANSWER_VALUE,ANSWER_VALUE_SEARCH,USER_TEXT,USER_TEXT_SEARCH,USER_DATE,USER_FILE_ID,USER_FILE_NAME) VALUES (5541,138,4,144,593,'история','МАТЕМАТИКА ФИЗИКА ИСТОРИЯ','3','1 2 3',null,'Г. МОСКВА УЛ. ЛЕНИНА 21-6', convert(datetime, '', 120),null,null)
GO
INSERT INTO B_FORM_RESULT_ANSWER (ID,RESULT_ID,FORM_ID,FIELD_ID,ANSWER_ID,ANSWER_TEXT,ANSWER_TEXT_SEARCH,ANSWER_VALUE,ANSWER_VALUE_SEARCH,USER_TEXT,USER_TEXT_SEARCH,USER_DATE,USER_FILE_ID,USER_FILE_NAME) VALUES (5540,138,4,144,592,'физика','МАТЕМАТИКА ФИЗИКА ИСТОРИЯ','2','1 2 3',null,'Г. МОСКВА УЛ. ЛЕНИНА 21-6', convert(datetime, '', 120),null,null)
GO
INSERT INTO B_FORM_RESULT_ANSWER (ID,RESULT_ID,FORM_ID,FIELD_ID,ANSWER_ID,ANSWER_TEXT,ANSWER_TEXT_SEARCH,ANSWER_VALUE,ANSWER_VALUE_SEARCH,USER_TEXT,USER_TEXT_SEARCH,USER_DATE,USER_FILE_ID,USER_FILE_NAME) VALUES (5539,138,4,144,591,'математика','МАТЕМАТИКА ФИЗИКА ИСТОРИЯ','1','1 2 3',null,'Г. МОСКВА УЛ. ЛЕНИНА 21-6', convert(datetime, '', 120),null,null)
GO
INSERT INTO B_FORM_RESULT_ANSWER (ID,RESULT_ID,FORM_ID,FIELD_ID,ANSWER_ID,ANSWER_TEXT,ANSWER_TEXT_SEARCH,ANSWER_VALUE,ANSWER_VALUE_SEARCH,USER_TEXT,USER_TEXT_SEARCH,USER_DATE,USER_FILE_ID,USER_FILE_NAME) VALUES (5538,138,4,143,589,'да','ДА',null,null,null,'Г. МОСКВА УЛ. ЛЕНИНА 21-6', convert(datetime, '', 120),null,null)
GO
INSERT INTO B_FORM_RESULT_ANSWER (ID,RESULT_ID,FORM_ID,FIELD_ID,ANSWER_ID,ANSWER_TEXT,ANSWER_TEXT_SEARCH,ANSWER_VALUE,ANSWER_VALUE_SEARCH,USER_TEXT,USER_TEXT_SEARCH,USER_DATE,USER_FILE_ID,USER_FILE_NAME) VALUES (5537,138,4,142,588,null,null,null,null,'г. Москва ул. Ленина 21-6','Г. МОСКВА УЛ. ЛЕНИНА 21-6', convert(datetime, '', 120),null,null)
GO
INSERT INTO B_FORM_RESULT_ANSWER (ID,RESULT_ID,FORM_ID,FIELD_ID,ANSWER_ID,ANSWER_TEXT,ANSWER_TEXT_SEARCH,ANSWER_VALUE,ANSWER_VALUE_SEARCH,USER_TEXT,USER_TEXT_SEARCH,USER_DATE,USER_FILE_ID,USER_FILE_NAME) VALUES (5536,138,4,141,587,null,null,null,null,'01.01.1955','01.01.1955', convert(datetime, '1955-01-01 00:00:00', 120),null,null)
GO
INSERT INTO B_FORM_RESULT_ANSWER (ID,RESULT_ID,FORM_ID,FIELD_ID,ANSWER_ID,ANSWER_TEXT,ANSWER_TEXT_SEARCH,ANSWER_VALUE,ANSWER_VALUE_SEARCH,USER_TEXT,USER_TEXT_SEARCH,USER_DATE,USER_FILE_ID,USER_FILE_NAME) VALUES (2894,140,4,140,586,null,null,null,null,'Вальянов Дмитрий','ВАЛЬЯНОВ ДМИТРИЙ', convert(datetime, '', 120),null,null)
GO
INSERT INTO B_FORM_RESULT_ANSWER (ID,RESULT_ID,FORM_ID,FIELD_ID,ANSWER_ID,ANSWER_TEXT,ANSWER_TEXT_SEARCH,ANSWER_VALUE,ANSWER_VALUE_SEARCH,USER_TEXT,USER_TEXT_SEARCH,USER_DATE,USER_FILE_ID,USER_FILE_NAME) VALUES (2895,140,4,141,587,' ',null,null,null,'10.03.1992','10.03.1992', convert(datetime, '1992-03-10 00:00:00', 120),null,null)
GO
INSERT INTO B_FORM_RESULT_ANSWER (ID,RESULT_ID,FORM_ID,FIELD_ID,ANSWER_ID,ANSWER_TEXT,ANSWER_TEXT_SEARCH,ANSWER_VALUE,ANSWER_VALUE_SEARCH,USER_TEXT,USER_TEXT_SEARCH,USER_DATE,USER_FILE_ID,USER_FILE_NAME) VALUES (2896,140,4,142,588,null,null,null,null,'г. Балтийск','Г. БАЛТИЙСК', convert(datetime, '', 120),null,null)
GO
INSERT INTO B_FORM_RESULT_ANSWER (ID,RESULT_ID,FORM_ID,FIELD_ID,ANSWER_ID,ANSWER_TEXT,ANSWER_TEXT_SEARCH,ANSWER_VALUE,ANSWER_VALUE_SEARCH,USER_TEXT,USER_TEXT_SEARCH,USER_DATE,USER_FILE_ID,USER_FILE_NAME) VALUES (2897,140,4,143,589,'да','ДА',null,null,null,null, convert(datetime, '', 120),null,null)
GO
INSERT INTO B_FORM_RESULT_ANSWER (ID,RESULT_ID,FORM_ID,FIELD_ID,ANSWER_ID,ANSWER_TEXT,ANSWER_TEXT_SEARCH,ANSWER_VALUE,ANSWER_VALUE_SEARCH,USER_TEXT,USER_TEXT_SEARCH,USER_DATE,USER_FILE_ID,USER_FILE_NAME) VALUES (2898,140,4,144,593,'история','ИСТОРИЯ ИНОСТРАННЫЕ ЯЗЫКИ ПРОГРАМИРОВАНИЕ','3','3 4 5',null,null, convert(datetime, '', 120),null,null)
GO
INSERT INTO B_FORM_RESULT_ANSWER (ID,RESULT_ID,FORM_ID,FIELD_ID,ANSWER_ID,ANSWER_TEXT,ANSWER_TEXT_SEARCH,ANSWER_VALUE,ANSWER_VALUE_SEARCH,USER_TEXT,USER_TEXT_SEARCH,USER_DATE,USER_FILE_ID,USER_FILE_NAME) VALUES (2899,140,4,144,594,'иностранные языки','ИСТОРИЯ ИНОСТРАННЫЕ ЯЗЫКИ ПРОГРАМИРОВАНИЕ','4','3 4 5',null,null, convert(datetime, '', 120),null,null)
GO
INSERT INTO B_FORM_RESULT_ANSWER (ID,RESULT_ID,FORM_ID,FIELD_ID,ANSWER_ID,ANSWER_TEXT,ANSWER_TEXT_SEARCH,ANSWER_VALUE,ANSWER_VALUE_SEARCH,USER_TEXT,USER_TEXT_SEARCH,USER_DATE,USER_FILE_ID,USER_FILE_NAME) VALUES (2900,140,4,144,595,'програмирование','ИСТОРИЯ ИНОСТРАННЫЕ ЯЗЫКИ ПРОГРАМИРОВАНИЕ','5','3 4 5',null,null, convert(datetime, '', 120),null,null)
GO
INSERT INTO B_FORM_RESULT_ANSWER (ID,RESULT_ID,FORM_ID,FIELD_ID,ANSWER_ID,ANSWER_TEXT,ANSWER_TEXT_SEARCH,ANSWER_VALUE,ANSWER_VALUE_SEARCH,USER_TEXT,USER_TEXT_SEARCH,USER_DATE,USER_FILE_ID,USER_FILE_NAME) VALUES (2901,140,4,145,597,'20-29','20-29','20','20',null,null, convert(datetime, '', 120),null,null)
GO
INSERT INTO B_FORM_RESULT_ANSWER (ID,RESULT_ID,FORM_ID,FIELD_ID,ANSWER_ID,ANSWER_TEXT,ANSWER_TEXT_SEARCH,ANSWER_VALUE,ANSWER_VALUE_SEARCH,USER_TEXT,USER_TEXT_SEARCH,USER_DATE,USER_FILE_ID,USER_FILE_NAME) VALUES (2902,140,4,146,604,'высшее','ВЫСШЕЕ','3','3',null,null, convert(datetime, '', 120),null,null)
GO
INSERT INTO B_FORM_RESULT_ANSWER (ID,RESULT_ID,FORM_ID,FIELD_ID,ANSWER_ID,ANSWER_TEXT,ANSWER_TEXT_SEARCH,ANSWER_VALUE,ANSWER_VALUE_SEARCH,USER_TEXT,USER_TEXT_SEARCH,USER_DATE,USER_FILE_ID,USER_FILE_NAME) VALUES (2903,140,4,147,606,null,null,null,null,null,null, convert(datetime, '', 120),null,null)
GO
INSERT INTO B_FORM_RESULT_ANSWER (ID,RESULT_ID,FORM_ID,FIELD_ID,ANSWER_ID,ANSWER_TEXT,ANSWER_TEXT_SEARCH,ANSWER_VALUE,ANSWER_VALUE_SEARCH,USER_TEXT,USER_TEXT_SEARCH,USER_DATE,USER_FILE_ID,USER_FILE_NAME) VALUES (5428,144,4,146,604,'высшее','ВЫСШЕЕ','3','3',null,null, convert(datetime, '', 120),null,null)
GO
INSERT INTO B_FORM_RESULT_ANSWER (ID,RESULT_ID,FORM_ID,FIELD_ID,ANSWER_ID,ANSWER_TEXT,ANSWER_TEXT_SEARCH,ANSWER_VALUE,ANSWER_VALUE_SEARCH,USER_TEXT,USER_TEXT_SEARCH,USER_DATE,USER_FILE_ID,USER_FILE_NAME) VALUES (3003,141,4,147,606,null,null,null,null,'2345','2345', convert(datetime, '', 120),null,null)
GO
INSERT INTO B_FORM_RESULT_ANSWER (ID,RESULT_ID,FORM_ID,FIELD_ID,ANSWER_ID,ANSWER_TEXT,ANSWER_TEXT_SEARCH,ANSWER_VALUE,ANSWER_VALUE_SEARCH,USER_TEXT,USER_TEXT_SEARCH,USER_DATE,USER_FILE_ID,USER_FILE_NAME) VALUES (3002,141,4,146,604,'высшее','СРЕДНЕ-СПЕЦИАЛЬНОЕ ВЫСШЕЕ','3','2 3',null,null, convert(datetime, '', 120),null,null)
GO
INSERT INTO B_FORM_RESULT_ANSWER (ID,RESULT_ID,FORM_ID,FIELD_ID,ANSWER_ID,ANSWER_TEXT,ANSWER_TEXT_SEARCH,ANSWER_VALUE,ANSWER_VALUE_SEARCH,USER_TEXT,USER_TEXT_SEARCH,USER_DATE,USER_FILE_ID,USER_FILE_NAME) VALUES (3001,141,4,146,603,'средне-специальное','СРЕДНЕ-СПЕЦИАЛЬНОЕ ВЫСШЕЕ','2','2 3',null,null, convert(datetime, '', 120),null,null)
GO
INSERT INTO B_FORM_RESULT_ANSWER (ID,RESULT_ID,FORM_ID,FIELD_ID,ANSWER_ID,ANSWER_TEXT,ANSWER_TEXT_SEARCH,ANSWER_VALUE,ANSWER_VALUE_SEARCH,USER_TEXT,USER_TEXT_SEARCH,USER_DATE,USER_FILE_ID,USER_FILE_NAME) VALUES (3000,141,4,145,597,'20-29','20-29','20','20',null,null, convert(datetime, '', 120),null,null)
GO
INSERT INTO B_FORM_RESULT_ANSWER (ID,RESULT_ID,FORM_ID,FIELD_ID,ANSWER_ID,ANSWER_TEXT,ANSWER_TEXT_SEARCH,ANSWER_VALUE,ANSWER_VALUE_SEARCH,USER_TEXT,USER_TEXT_SEARCH,USER_DATE,USER_FILE_ID,USER_FILE_NAME) VALUES (2998,141,4,144,593,'история','ФИЗИКА ИСТОРИЯ ИНОСТРАННЫЕ ЯЗЫКИ','3','2 3 4',null,null, convert(datetime, '', 120),null,null)
GO
INSERT INTO B_FORM_RESULT_ANSWER (ID,RESULT_ID,FORM_ID,FIELD_ID,ANSWER_ID,ANSWER_TEXT,ANSWER_TEXT_SEARCH,ANSWER_VALUE,ANSWER_VALUE_SEARCH,USER_TEXT,USER_TEXT_SEARCH,USER_DATE,USER_FILE_ID,USER_FILE_NAME) VALUES (2999,141,4,144,594,'иностранные языки','ФИЗИКА ИСТОРИЯ ИНОСТРАННЫЕ ЯЗЫКИ','4','2 3 4',null,null, convert(datetime, '', 120),null,null)
GO
INSERT INTO B_FORM_RESULT_ANSWER (ID,RESULT_ID,FORM_ID,FIELD_ID,ANSWER_ID,ANSWER_TEXT,ANSWER_TEXT_SEARCH,ANSWER_VALUE,ANSWER_VALUE_SEARCH,USER_TEXT,USER_TEXT_SEARCH,USER_DATE,USER_FILE_ID,USER_FILE_NAME) VALUES (2997,141,4,144,592,'физика','ФИЗИКА ИСТОРИЯ ИНОСТРАННЫЕ ЯЗЫКИ','2','2 3 4',null,null, convert(datetime, '', 120),null,null)
GO
INSERT INTO B_FORM_RESULT_ANSWER (ID,RESULT_ID,FORM_ID,FIELD_ID,ANSWER_ID,ANSWER_TEXT,ANSWER_TEXT_SEARCH,ANSWER_VALUE,ANSWER_VALUE_SEARCH,USER_TEXT,USER_TEXT_SEARCH,USER_DATE,USER_FILE_ID,USER_FILE_NAME) VALUES (2996,141,4,143,589,'да','ДА',null,null,null,null, convert(datetime, '', 120),null,null)
GO
INSERT INTO B_FORM_RESULT_ANSWER (ID,RESULT_ID,FORM_ID,FIELD_ID,ANSWER_ID,ANSWER_TEXT,ANSWER_TEXT_SEARCH,ANSWER_VALUE,ANSWER_VALUE_SEARCH,USER_TEXT,USER_TEXT_SEARCH,USER_DATE,USER_FILE_ID,USER_FILE_NAME) VALUES (2995,141,4,142,588,null,null,null,null,'г. Мурманск','Г. МУРМАНСК', convert(datetime, '', 120),null,null)
GO
INSERT INTO B_FORM_RESULT_ANSWER (ID,RESULT_ID,FORM_ID,FIELD_ID,ANSWER_ID,ANSWER_TEXT,ANSWER_TEXT_SEARCH,ANSWER_VALUE,ANSWER_VALUE_SEARCH,USER_TEXT,USER_TEXT_SEARCH,USER_DATE,USER_FILE_ID,USER_FILE_NAME) VALUES (2994,141,4,141,587,' ',null,null,null,'10.03.1992','10.03.1992', convert(datetime, '1992-03-10 00:00:00', 120),null,null)
GO
INSERT INTO B_FORM_RESULT_ANSWER (ID,RESULT_ID,FORM_ID,FIELD_ID,ANSWER_ID,ANSWER_TEXT,ANSWER_TEXT_SEARCH,ANSWER_VALUE,ANSWER_VALUE_SEARCH,USER_TEXT,USER_TEXT_SEARCH,USER_DATE,USER_FILE_ID,USER_FILE_NAME) VALUES (2993,141,4,140,586,null,null,null,null,'Иванов Иван Иванович','ИВАНОВ ИВАН ИВАНОВИЧ', convert(datetime, '', 120),null,null)
GO
INSERT INTO B_FORM_RESULT_ANSWER (ID,RESULT_ID,FORM_ID,FIELD_ID,ANSWER_ID,ANSWER_TEXT,ANSWER_TEXT_SEARCH,ANSWER_VALUE,ANSWER_VALUE_SEARCH,USER_TEXT,USER_TEXT_SEARCH,USER_DATE,USER_FILE_ID,USER_FILE_NAME) VALUES (5544,138,4,146,605,'ясли с отличием','ВЫСШЕЕ ЯСЛИ С ОТЛИЧИЕМ','0','3 0',null,'Г. МОСКВА УЛ. ЛЕНИНА 21-6', convert(datetime, '', 120),null,null)
GO
INSERT INTO B_FORM_RESULT_ANSWER (ID,RESULT_ID,FORM_ID,FIELD_ID,ANSWER_ID,ANSWER_TEXT,ANSWER_TEXT_SEARCH,ANSWER_VALUE,ANSWER_VALUE_SEARCH,USER_TEXT,USER_TEXT_SEARCH,USER_DATE,USER_FILE_ID,USER_FILE_NAME) VALUES (5427,144,4,145,598,'30-39','30-39','30','30',null,null, convert(datetime, '', 120),null,null)
GO
INSERT INTO B_FORM_RESULT_ANSWER (ID,RESULT_ID,FORM_ID,FIELD_ID,ANSWER_ID,ANSWER_TEXT,ANSWER_TEXT_SEARCH,ANSWER_VALUE,ANSWER_VALUE_SEARCH,USER_TEXT,USER_TEXT_SEARCH,USER_DATE,USER_FILE_ID,USER_FILE_NAME) VALUES (3004,141,4,148,607,null,null,null,null,null,null, convert(datetime, '', 120),null,null)
GO
INSERT INTO B_FORM_RESULT_ANSWER (ID,RESULT_ID,FORM_ID,FIELD_ID,ANSWER_ID,ANSWER_TEXT,ANSWER_TEXT_SEARCH,ANSWER_VALUE,ANSWER_VALUE_SEARCH,USER_TEXT,USER_TEXT_SEARCH,USER_DATE,USER_FILE_ID,USER_FILE_NAME) VALUES (3028,142,4,148,607,null,null,null,null,null,null, convert(datetime, '', 120),null,null)
GO
INSERT INTO B_FORM_RESULT_ANSWER (ID,RESULT_ID,FORM_ID,FIELD_ID,ANSWER_ID,ANSWER_TEXT,ANSWER_TEXT_SEARCH,ANSWER_VALUE,ANSWER_VALUE_SEARCH,USER_TEXT,USER_TEXT_SEARCH,USER_DATE,USER_FILE_ID,USER_FILE_NAME) VALUES (3027,142,4,147,606,null,null,null,null,'3000','3000', convert(datetime, '', 120),null,null)
GO
INSERT INTO B_FORM_RESULT_ANSWER (ID,RESULT_ID,FORM_ID,FIELD_ID,ANSWER_ID,ANSWER_TEXT,ANSWER_TEXT_SEARCH,ANSWER_VALUE,ANSWER_VALUE_SEARCH,USER_TEXT,USER_TEXT_SEARCH,USER_DATE,USER_FILE_ID,USER_FILE_NAME) VALUES (3025,142,4,146,603,'средне-специальное','СРЕДНЕ-СПЕЦИАЛЬНОЕ ВЫСШЕЕ','2','2 3',null,null, convert(datetime, '', 120),null,null)
GO
INSERT INTO B_FORM_RESULT_ANSWER (ID,RESULT_ID,FORM_ID,FIELD_ID,ANSWER_ID,ANSWER_TEXT,ANSWER_TEXT_SEARCH,ANSWER_VALUE,ANSWER_VALUE_SEARCH,USER_TEXT,USER_TEXT_SEARCH,USER_DATE,USER_FILE_ID,USER_FILE_NAME) VALUES (3026,142,4,146,604,'высшее','СРЕДНЕ-СПЕЦИАЛЬНОЕ ВЫСШЕЕ','3','2 3',null,null, convert(datetime, '', 120),null,null)
GO
INSERT INTO B_FORM_RESULT_ANSWER (ID,RESULT_ID,FORM_ID,FIELD_ID,ANSWER_ID,ANSWER_TEXT,ANSWER_TEXT_SEARCH,ANSWER_VALUE,ANSWER_VALUE_SEARCH,USER_TEXT,USER_TEXT_SEARCH,USER_DATE,USER_FILE_ID,USER_FILE_NAME) VALUES (3024,142,4,145,598,'30-39','30-39','30','30',null,null, convert(datetime, '', 120),null,null)
GO
INSERT INTO B_FORM_RESULT_ANSWER (ID,RESULT_ID,FORM_ID,FIELD_ID,ANSWER_ID,ANSWER_TEXT,ANSWER_TEXT_SEARCH,ANSWER_VALUE,ANSWER_VALUE_SEARCH,USER_TEXT,USER_TEXT_SEARCH,USER_DATE,USER_FILE_ID,USER_FILE_NAME) VALUES (3022,142,4,144,593,'история','ИСТОРИЯ ИНОСТРАННЫЕ ЯЗЫКИ','3','3 4',null,null, convert(datetime, '', 120),null,null)
GO
INSERT INTO B_FORM_RESULT_ANSWER (ID,RESULT_ID,FORM_ID,FIELD_ID,ANSWER_ID,ANSWER_TEXT,ANSWER_TEXT_SEARCH,ANSWER_VALUE,ANSWER_VALUE_SEARCH,USER_TEXT,USER_TEXT_SEARCH,USER_DATE,USER_FILE_ID,USER_FILE_NAME) VALUES (3023,142,4,144,594,'иностранные языки','ИСТОРИЯ ИНОСТРАННЫЕ ЯЗЫКИ','4','3 4',null,null, convert(datetime, '', 120),null,null)
GO
INSERT INTO B_FORM_RESULT_ANSWER (ID,RESULT_ID,FORM_ID,FIELD_ID,ANSWER_ID,ANSWER_TEXT,ANSWER_TEXT_SEARCH,ANSWER_VALUE,ANSWER_VALUE_SEARCH,USER_TEXT,USER_TEXT_SEARCH,USER_DATE,USER_FILE_ID,USER_FILE_NAME) VALUES (5543,138,4,146,604,'высшее','ВЫСШЕЕ ЯСЛИ С ОТЛИЧИЕМ','3','3 0',null,'Г. МОСКВА УЛ. ЛЕНИНА 21-6', convert(datetime, '', 120),null,null)
GO
INSERT INTO B_FORM_RESULT_ANSWER (ID,RESULT_ID,FORM_ID,FIELD_ID,ANSWER_ID,ANSWER_TEXT,ANSWER_TEXT_SEARCH,ANSWER_VALUE,ANSWER_VALUE_SEARCH,USER_TEXT,USER_TEXT_SEARCH,USER_DATE,USER_FILE_ID,USER_FILE_NAME) VALUES (5535,138,4,140,586,null,null,null,null,'Васильев Дмитрий Анатольевич','ВАСИЛЬЕВ ДМИТРИЙ АНАТОЛЬЕВИЧ', convert(datetime, '', 120),null,null)
GO
INSERT INTO B_FORM_RESULT_ANSWER (ID,RESULT_ID,FORM_ID,FIELD_ID,ANSWER_ID,ANSWER_TEXT,ANSWER_TEXT_SEARCH,ANSWER_VALUE,ANSWER_VALUE_SEARCH,USER_TEXT,USER_TEXT_SEARCH,USER_DATE,USER_FILE_ID,USER_FILE_NAME) VALUES (5425,144,4,144,592,'физика','ФИЗИКА ИСТОРИ_','2','2 3',null,null, convert(datetime, '', 120),null,null)
GO
INSERT INTO B_FORM_RESULT_ANSWER (ID,RESULT_ID,FORM_ID,FIELD_ID,ANSWER_ID,ANSWER_TEXT,ANSWER_TEXT_SEARCH,ANSWER_VALUE,ANSWER_VALUE_SEARCH,USER_TEXT,USER_TEXT_SEARCH,USER_DATE,USER_FILE_ID,USER_FILE_NAME) VALUES (5426,144,4,144,593,'история','ФИЗИКА ИСТОРИ_','3','2 3',null,null, convert(datetime, '', 120),null,null)
GO
INSERT INTO B_FORM_RESULT_ANSWER (ID,RESULT_ID,FORM_ID,FIELD_ID,ANSWER_ID,ANSWER_TEXT,ANSWER_TEXT_SEARCH,ANSWER_VALUE,ANSWER_VALUE_SEARCH,USER_TEXT,USER_TEXT_SEARCH,USER_DATE,USER_FILE_ID,USER_FILE_NAME) VALUES (5424,144,4,143,589,'да','ДА',null,null,null,null, convert(datetime, '', 120),null,null)
GO
INSERT INTO B_FORM_RESULT_ANSWER (ID,RESULT_ID,FORM_ID,FIELD_ID,ANSWER_ID,ANSWER_TEXT,ANSWER_TEXT_SEARCH,ANSWER_VALUE,ANSWER_VALUE_SEARCH,USER_TEXT,USER_TEXT_SEARCH,USER_DATE,USER_FILE_ID,USER_FILE_NAME) VALUES (5423,144,4,142,588,null,null,null,null,'г. Волгоград','Г. ВОЛГОГРАД', convert(datetime, '', 120),null,null)
GO
INSERT INTO B_FORM_RESULT_ANSWER (ID,RESULT_ID,FORM_ID,FIELD_ID,ANSWER_ID,ANSWER_TEXT,ANSWER_TEXT_SEARCH,ANSWER_VALUE,ANSWER_VALUE_SEARCH,USER_TEXT,USER_TEXT_SEARCH,USER_DATE,USER_FILE_ID,USER_FILE_NAME) VALUES (3021,142,4,143,590,'нет','НЕТ',null,null,null,null, convert(datetime, '', 120),null,null)
GO
INSERT INTO B_FORM_RESULT_ANSWER (ID,RESULT_ID,FORM_ID,FIELD_ID,ANSWER_ID,ANSWER_TEXT,ANSWER_TEXT_SEARCH,ANSWER_VALUE,ANSWER_VALUE_SEARCH,USER_TEXT,USER_TEXT_SEARCH,USER_DATE,USER_FILE_ID,USER_FILE_NAME) VALUES (3019,142,4,141,587,' ',null,null,null,'01.01.1977','01.01.1977', convert(datetime, '1977-01-01 00:00:00', 120),null,null)
GO
INSERT INTO B_FORM_RESULT_ANSWER (ID,RESULT_ID,FORM_ID,FIELD_ID,ANSWER_ID,ANSWER_TEXT,ANSWER_TEXT_SEARCH,ANSWER_VALUE,ANSWER_VALUE_SEARCH,USER_TEXT,USER_TEXT_SEARCH,USER_DATE,USER_FILE_ID,USER_FILE_NAME) VALUES (3020,142,4,142,588,null,null,null,null,'г. Владивосток','Г. ВЛАДИВОСТОК', convert(datetime, '', 120),null,null)
GO
INSERT INTO B_FORM_RESULT_ANSWER (ID,RESULT_ID,FORM_ID,FIELD_ID,ANSWER_ID,ANSWER_TEXT,ANSWER_TEXT_SEARCH,ANSWER_VALUE,ANSWER_VALUE_SEARCH,USER_TEXT,USER_TEXT_SEARCH,USER_DATE,USER_FILE_ID,USER_FILE_NAME) VALUES (3018,142,4,140,586,null,null,null,null,'Сердюков Василий Дмитриевич','СЕРДЮКОВ ВАСИЛИЙ ДМИТРИЕВИЧ', convert(datetime, '', 120),null,null)
GO
INSERT INTO B_FORM_RESULT_ANSWER (ID,RESULT_ID,FORM_ID,FIELD_ID,ANSWER_ID,ANSWER_TEXT,ANSWER_TEXT_SEARCH,ANSWER_VALUE,ANSWER_VALUE_SEARCH,USER_TEXT,USER_TEXT_SEARCH,USER_DATE,USER_FILE_ID,USER_FILE_NAME) VALUES (5422,144,4,141,587,null,null,null,null,'01.03.1982','01.03.1982', convert(datetime, '1982-03-01 00:00:00', 120),null,null)
GO
INSERT INTO B_FORM_RESULT_ANSWER (ID,RESULT_ID,FORM_ID,FIELD_ID,ANSWER_ID,ANSWER_TEXT,ANSWER_TEXT_SEARCH,ANSWER_VALUE,ANSWER_VALUE_SEARCH,USER_TEXT,USER_TEXT_SEARCH,USER_DATE,USER_FILE_ID,USER_FILE_NAME) VALUES (5525,136,4,142,588,null,null,null,null,'г. Калининград ул. Батальная 26-4','Г. КАЛИНИНГРАД УЛ. БАТАЛЬНАЯ 26-4', convert(datetime, '', 120),null,null)
GO
INSERT INTO B_FORM_RESULT_ANSWER (ID,RESULT_ID,FORM_ID,FIELD_ID,ANSWER_ID,ANSWER_TEXT,ANSWER_TEXT_SEARCH,ANSWER_VALUE,ANSWER_VALUE_SEARCH,USER_TEXT,USER_TEXT_SEARCH,USER_DATE,USER_FILE_ID,USER_FILE_NAME) VALUES (5526,136,4,143,590,'нет','НЕТ',null,null,null,'Г. КАЛИНИНГРАД УЛ. БАТАЛЬНАЯ 26-4', convert(datetime, '', 120),null,null)
GO
INSERT INTO B_FORM_RESULT_ANSWER (ID,RESULT_ID,FORM_ID,FIELD_ID,ANSWER_ID,ANSWER_TEXT,ANSWER_TEXT_SEARCH,ANSWER_VALUE,ANSWER_VALUE_SEARCH,USER_TEXT,USER_TEXT_SEARCH,USER_DATE,USER_FILE_ID,USER_FILE_NAME) VALUES (5527,136,4,144,592,'физика','ФИЗИКА ИСТОРИЯ ПРОГРАМИРОВАНИЕ','2','2 3 5',null,'Г. КАЛИНИНГРАД УЛ. БАТАЛЬНАЯ 26-4', convert(datetime, '', 120),null,null)
GO
INSERT INTO B_FORM_RESULT_ANSWER (ID,RESULT_ID,FORM_ID,FIELD_ID,ANSWER_ID,ANSWER_TEXT,ANSWER_TEXT_SEARCH,ANSWER_VALUE,ANSWER_VALUE_SEARCH,USER_TEXT,USER_TEXT_SEARCH,USER_DATE,USER_FILE_ID,USER_FILE_NAME) VALUES (5508,185,4,145,597,'20-29','20-29','20','20',null,'Г. ВЛАДИВОСТОК', convert(datetime, '', 120),null,null)
GO
INSERT INTO B_FORM_RESULT_ANSWER (ID,RESULT_ID,FORM_ID,FIELD_ID,ANSWER_ID,ANSWER_TEXT,ANSWER_TEXT_SEARCH,ANSWER_VALUE,ANSWER_VALUE_SEARCH,USER_TEXT,USER_TEXT_SEARCH,USER_DATE,USER_FILE_ID,USER_FILE_NAME) VALUES (5509,185,4,146,604,'высшее','ВЫСШЕЕ','3','3',null,'Г. ВЛАДИВОСТОК', convert(datetime, '', 120),null,null)
GO
INSERT INTO B_FORM_RESULT_ANSWER (ID,RESULT_ID,FORM_ID,FIELD_ID,ANSWER_ID,ANSWER_TEXT,ANSWER_TEXT_SEARCH,ANSWER_VALUE,ANSWER_VALUE_SEARCH,USER_TEXT,USER_TEXT_SEARCH,USER_DATE,USER_FILE_ID,USER_FILE_NAME) VALUES (5510,185,4,147,606,null,null,null,null,'1000','1000', convert(datetime, '', 120),null,null)
GO
INSERT INTO B_FORM_RESULT_ANSWER (ID,RESULT_ID,FORM_ID,FIELD_ID,ANSWER_ID,ANSWER_TEXT,ANSWER_TEXT_SEARCH,ANSWER_VALUE,ANSWER_VALUE_SEARCH,USER_TEXT,USER_TEXT_SEARCH,USER_DATE,USER_FILE_ID,USER_FILE_NAME) VALUES (5529,136,4,144,595,'програмирование','ФИЗИКА ИСТОРИЯ ПРОГРАМИРОВАНИЕ','5','2 3 5',null,'Г. КАЛИНИНГРАД УЛ. БАТАЛЬНАЯ 26-4', convert(datetime, '', 120),null,null)
GO
INSERT INTO B_FORM_RESULT_ANSWER (ID,RESULT_ID,FORM_ID,FIELD_ID,ANSWER_ID,ANSWER_TEXT,ANSWER_TEXT_SEARCH,ANSWER_VALUE,ANSWER_VALUE_SEARCH,USER_TEXT,USER_TEXT_SEARCH,USER_DATE,USER_FILE_ID,USER_FILE_NAME) VALUES (5562,186,4,147,606,null,null,null,null,'-','-', convert(datetime, '', 120),null,null)
GO
INSERT INTO B_FORM_RESULT_ANSWER (ID,RESULT_ID,FORM_ID,FIELD_ID,ANSWER_ID,ANSWER_TEXT,ANSWER_TEXT_SEARCH,ANSWER_VALUE,ANSWER_VALUE_SEARCH,USER_TEXT,USER_TEXT_SEARCH,USER_DATE,USER_FILE_ID,USER_FILE_NAME) VALUES (5560,186,4,145,597,'20-29','20-29','20','20',null,'НЕ ПОМНЮ', convert(datetime, '', 120),null,null)
GO
INSERT INTO B_FORM_RESULT_ANSWER (ID,RESULT_ID,FORM_ID,FIELD_ID,ANSWER_ID,ANSWER_TEXT,ANSWER_TEXT_SEARCH,ANSWER_VALUE,ANSWER_VALUE_SEARCH,USER_TEXT,USER_TEXT_SEARCH,USER_DATE,USER_FILE_ID,USER_FILE_NAME) VALUES (5561,186,4,146,604,'высшее','ВЫСШЕЕ','3','3',null,'НЕ ПОМНЮ', convert(datetime, '', 120),null,null)
GO
INSERT INTO B_FORM_RESULT_ANSWER (ID,RESULT_ID,FORM_ID,FIELD_ID,ANSWER_ID,ANSWER_TEXT,ANSWER_TEXT_SEARCH,ANSWER_VALUE,ANSWER_VALUE_SEARCH,USER_TEXT,USER_TEXT_SEARCH,USER_DATE,USER_FILE_ID,USER_FILE_NAME) VALUES (5555,186,4,140,586,null,null,null,null,'Иванов Дмитрий Витальевич','ИВАНОВ ДМИТРИЙ ВИТАЛЬЕВИЧ', convert(datetime, '', 120),null,null)
GO
INSERT INTO B_FORM_RESULT_ANSWER (ID,RESULT_ID,FORM_ID,FIELD_ID,ANSWER_ID,ANSWER_TEXT,ANSWER_TEXT_SEARCH,ANSWER_VALUE,ANSWER_VALUE_SEARCH,USER_TEXT,USER_TEXT_SEARCH,USER_DATE,USER_FILE_ID,USER_FILE_NAME) VALUES (5556,186,4,141,587,null,null,null,null,'18.06.1973','18.06.1973', convert(datetime, '1973-06-18 00:00:00', 120),null,null)
GO
INSERT INTO B_FORM_RESULT_ANSWER (ID,RESULT_ID,FORM_ID,FIELD_ID,ANSWER_ID,ANSWER_TEXT,ANSWER_TEXT_SEARCH,ANSWER_VALUE,ANSWER_VALUE_SEARCH,USER_TEXT,USER_TEXT_SEARCH,USER_DATE,USER_FILE_ID,USER_FILE_NAME) VALUES (5557,186,4,142,588,null,null,null,null,'не помню','НЕ ПОМНЮ', convert(datetime, '', 120),null,null)
GO
INSERT INTO B_FORM_RESULT_ANSWER (ID,RESULT_ID,FORM_ID,FIELD_ID,ANSWER_ID,ANSWER_TEXT,ANSWER_TEXT_SEARCH,ANSWER_VALUE,ANSWER_VALUE_SEARCH,USER_TEXT,USER_TEXT_SEARCH,USER_DATE,USER_FILE_ID,USER_FILE_NAME) VALUES (5558,186,4,143,589,'да','ДА',null,null,null,'НЕ ПОМНЮ', convert(datetime, '', 120),null,null)
GO
INSERT INTO B_FORM_RESULT_ANSWER (ID,RESULT_ID,FORM_ID,FIELD_ID,ANSWER_ID,ANSWER_TEXT,ANSWER_TEXT_SEARCH,ANSWER_VALUE,ANSWER_VALUE_SEARCH,USER_TEXT,USER_TEXT_SEARCH,USER_DATE,USER_FILE_ID,USER_FILE_NAME) VALUES (5559,186,4,144,595,'програмирование','ПРОГРАМИРОВАНИЕ','5','5',null,'НЕ ПОМНЮ', convert(datetime, '', 120),null,null)
GO
INSERT INTO B_FORM_RESULT_ANSWER (ID,RESULT_ID,FORM_ID,FIELD_ID,ANSWER_ID,ANSWER_TEXT,ANSWER_TEXT_SEARCH,ANSWER_VALUE,ANSWER_VALUE_SEARCH,USER_TEXT,USER_TEXT_SEARCH,USER_DATE,USER_FILE_ID,USER_FILE_NAME) VALUES (5546,138,4,148,607,null,null,null,null,null,'600', convert(datetime, '', 120),1038,null)
GO
INSERT INTO B_FORM_RESULT_ANSWER (ID,RESULT_ID,FORM_ID,FIELD_ID,ANSWER_ID,ANSWER_TEXT,ANSWER_TEXT_SEARCH,ANSWER_VALUE,ANSWER_VALUE_SEARCH,USER_TEXT,USER_TEXT_SEARCH,USER_DATE,USER_FILE_ID,USER_FILE_NAME) VALUES (5545,138,4,147,606,null,null,null,null,'600','600', convert(datetime, '', 120),null,null)
GO
INSERT INTO B_FORM_RESULT_ANSWER (ID,RESULT_ID,FORM_ID,FIELD_ID,ANSWER_ID,ANSWER_TEXT,ANSWER_TEXT_SEARCH,ANSWER_VALUE,ANSWER_VALUE_SEARCH,USER_TEXT,USER_TEXT_SEARCH,USER_DATE,USER_FILE_ID,USER_FILE_NAME) VALUES (5506,185,4,144,594,'иностранные языки','ИСТОРИЯ ИНОСТРАННЫЕ ЯЗЫКИ ПРОГРАМИРОВАНИЕ','4','3 4 5',null,'Г. ВЛАДИВОСТОК', convert(datetime, '', 120),null,null)
GO
INSERT INTO B_FORM_RESULT_ANSWER (ID,RESULT_ID,FORM_ID,FIELD_ID,ANSWER_ID,ANSWER_TEXT,ANSWER_TEXT_SEARCH,ANSWER_VALUE,ANSWER_VALUE_SEARCH,USER_TEXT,USER_TEXT_SEARCH,USER_DATE,USER_FILE_ID,USER_FILE_NAME) VALUES (5507,185,4,144,595,'програмирование','ИСТОРИЯ ИНОСТРАННЫЕ ЯЗЫКИ ПРОГРАМИРОВАНИЕ','5','3 4 5',null,'Г. ВЛАДИВОСТОК', convert(datetime, '', 120),null,null)
GO
INSERT INTO B_FORM_RESULT_ANSWER (ID,RESULT_ID,FORM_ID,FIELD_ID,ANSWER_ID,ANSWER_TEXT,ANSWER_TEXT_SEARCH,ANSWER_VALUE,ANSWER_VALUE_SEARCH,USER_TEXT,USER_TEXT_SEARCH,USER_DATE,USER_FILE_ID,USER_FILE_NAME) VALUES (5505,185,4,144,593,'история','ИСТОРИЯ ИНОСТРАННЫЕ ЯЗЫКИ ПРОГРАМИРОВАНИЕ','3','3 4 5',null,'Г. ВЛАДИВОСТОК', convert(datetime, '', 120),null,null)
GO
INSERT INTO B_FORM_RESULT_ANSWER (ID,RESULT_ID,FORM_ID,FIELD_ID,ANSWER_ID,ANSWER_TEXT,ANSWER_TEXT_SEARCH,ANSWER_VALUE,ANSWER_VALUE_SEARCH,USER_TEXT,USER_TEXT_SEARCH,USER_DATE,USER_FILE_ID,USER_FILE_NAME) VALUES (5504,185,4,143,589,'да','ДА',null,null,null,'Г. ВЛАДИВОСТОК', convert(datetime, '', 120),null,null)
GO
INSERT INTO B_FORM_RESULT_ANSWER (ID,RESULT_ID,FORM_ID,FIELD_ID,ANSWER_ID,ANSWER_TEXT,ANSWER_TEXT_SEARCH,ANSWER_VALUE,ANSWER_VALUE_SEARCH,USER_TEXT,USER_TEXT_SEARCH,USER_DATE,USER_FILE_ID,USER_FILE_NAME) VALUES (5502,185,4,141,587,null,null,null,null,'18.09.1946','18.09.1946', convert(datetime, '1946-09-18 00:00:00', 120),null,null)
GO
INSERT INTO B_FORM_RESULT_ANSWER (ID,RESULT_ID,FORM_ID,FIELD_ID,ANSWER_ID,ANSWER_TEXT,ANSWER_TEXT_SEARCH,ANSWER_VALUE,ANSWER_VALUE_SEARCH,USER_TEXT,USER_TEXT_SEARCH,USER_DATE,USER_FILE_ID,USER_FILE_NAME) VALUES (5503,185,4,142,588,null,null,null,null,'г. Владивосток','Г. ВЛАДИВОСТОК', convert(datetime, '', 120),null,null)
GO
INSERT INTO B_FORM_RESULT_ANSWER (ID,RESULT_ID,FORM_ID,FIELD_ID,ANSWER_ID,ANSWER_TEXT,ANSWER_TEXT_SEARCH,ANSWER_VALUE,ANSWER_VALUE_SEARCH,USER_TEXT,USER_TEXT_SEARCH,USER_DATE,USER_FILE_ID,USER_FILE_NAME) VALUES (5501,185,4,140,586,null,null,null,null,'Масленков Юра','МАСЛЕНКОВ ЮРА', convert(datetime, '', 120),null,null)
GO
INSERT INTO B_FORM_RESULT_ANSWER (ID,RESULT_ID,FORM_ID,FIELD_ID,ANSWER_ID,ANSWER_TEXT,ANSWER_TEXT_SEARCH,ANSWER_VALUE,ANSWER_VALUE_SEARCH,USER_TEXT,USER_TEXT_SEARCH,USER_DATE,USER_FILE_ID,USER_FILE_NAME) VALUES (5421,144,4,140,586,null,null,null,null,'Петрикин Виктор Анатольевич','ПЕТРИКИН ВИКТОР АНАТОЛЬЕВИЧ', convert(datetime, '', 120),null,null)
GO
INSERT INTO B_FORM_RESULT_ANSWER (ID,RESULT_ID,FORM_ID,FIELD_ID,ANSWER_ID,ANSWER_TEXT,ANSWER_TEXT_SEARCH,ANSWER_VALUE,ANSWER_VALUE_SEARCH,USER_TEXT,USER_TEXT_SEARCH,USER_DATE,USER_FILE_ID,USER_FILE_NAME) VALUES (5528,136,4,144,593,'история','ФИЗИКА ИСТОРИЯ ПРОГРАМИРОВАНИЕ','3','2 3 5',null,'Г. КАЛИНИНГРАД УЛ. БАТАЛЬНАЯ 26-4', convert(datetime, '', 120),null,null)
GO
INSERT INTO B_FORM_RESULT_ANSWER (ID,RESULT_ID,FORM_ID,FIELD_ID,ANSWER_ID,ANSWER_TEXT,ANSWER_TEXT_SEARCH,ANSWER_VALUE,ANSWER_VALUE_SEARCH,USER_TEXT,USER_TEXT_SEARCH,USER_DATE,USER_FILE_ID,USER_FILE_NAME) VALUES (5524,136,4,141,587,null,null,null,null,'01.01.1953','01.01.1953', convert(datetime, '1953-01-01 00:00:00', 120),null,null)
GO
INSERT INTO B_FORM_RESULT_ANSWER (ID,RESULT_ID,FORM_ID,FIELD_ID,ANSWER_ID,ANSWER_TEXT,ANSWER_TEXT_SEARCH,ANSWER_VALUE,ANSWER_VALUE_SEARCH,USER_TEXT,USER_TEXT_SEARCH,USER_DATE,USER_FILE_ID,USER_FILE_NAME) VALUES (5523,136,4,140,586,null,null,null,null,'Соловьев Николай Петрович','СОЛОВЬЕВ НИКОЛАЙ ПЕТРОВИЧ', convert(datetime, '', 120),null,null)
GO
SET IDENTITY_INSERT B_FORM_RESULT_ANSWER OFF
GO

SET IDENTITY_INSERT B_FORM_STATUS ON
GO
INSERT INTO B_FORM_STATUS (ID,FORM_ID,TIMESTAMP_X,ACTIVE,C_SORT,TITLE,DESCRIPTION,DEFAULT_VALUE,CSS,HANDLER_OUT,HANDLER_IN) VALUES (1,4, convert(datetime, '2004-11-11 17:53:02', 120),'Y',100,'Опубликована','результаты доступны для просмотра всем посетителям сайта','N','statusgreen',null,null)
GO
INSERT INTO B_FORM_STATUS (ID,FORM_ID,TIMESTAMP_X,ACTIVE,C_SORT,TITLE,DESCRIPTION,DEFAULT_VALUE,CSS,HANDLER_OUT,HANDLER_IN) VALUES (4,4, convert(datetime, '2004-11-11 17:53:52', 120),'Y',200,'Черновик','результаты доступны для редактирования и просмотра только создателям','Y','statusgrey',null,null)
GO
INSERT INTO B_FORM_STATUS (ID,FORM_ID,TIMESTAMP_X,ACTIVE,C_SORT,TITLE,DESCRIPTION,DEFAULT_VALUE,CSS,HANDLER_OUT,HANDLER_IN) VALUES (6,4, convert(datetime, '2004-11-11 17:54:43', 120),'Y',400,'Удалена','результат никому не доступен кроме администратора','N','statusblack',null,null)
GO
INSERT INTO B_FORM_STATUS (ID,FORM_ID,TIMESTAMP_X,ACTIVE,C_SORT,TITLE,DESCRIPTION,DEFAULT_VALUE,CSS,HANDLER_OUT,HANDLER_IN) VALUES (7,4, convert(datetime, '2003-10-03 14:26:06', 120),'Y',150,'Анонсирована','результаты доступны для просмотра всем посетителям сайта','N','statusred',null,null)
GO
SET IDENTITY_INSERT B_FORM_STATUS OFF
GO

SET IDENTITY_INSERT B_FORM_STATUS_2_GROUP ON
GO
INSERT INTO B_FORM_STATUS_2_GROUP (ID,STATUS_ID,GROUP_ID,PERMISSION) VALUES (18,7,0,'MOVE')
GO
INSERT INTO B_FORM_STATUS_2_GROUP (ID,STATUS_ID,GROUP_ID,PERMISSION) VALUES (17,7,0,'VIEW')
GO
INSERT INTO B_FORM_STATUS_2_GROUP (ID,STATUS_ID,GROUP_ID,PERMISSION) VALUES (16,7,0,'EDIT')
GO
INSERT INTO B_FORM_STATUS_2_GROUP (ID,STATUS_ID,GROUP_ID,PERMISSION) VALUES (15,7,0,'DELETE')
GO
INSERT INTO B_FORM_STATUS_2_GROUP (ID,STATUS_ID,GROUP_ID,PERMISSION) VALUES (27,4,0,'DELETE')
GO
INSERT INTO B_FORM_STATUS_2_GROUP (ID,STATUS_ID,GROUP_ID,PERMISSION) VALUES (26,4,0,'EDIT')
GO
INSERT INTO B_FORM_STATUS_2_GROUP (ID,STATUS_ID,GROUP_ID,PERMISSION) VALUES (25,4,0,'MOVE')
GO
INSERT INTO B_FORM_STATUS_2_GROUP (ID,STATUS_ID,GROUP_ID,PERMISSION) VALUES (24,4,0,'VIEW')
GO
INSERT INTO B_FORM_STATUS_2_GROUP (ID,STATUS_ID,GROUP_ID,PERMISSION) VALUES (10,7,0,'MOVE')
GO
INSERT INTO B_FORM_STATUS_2_GROUP (ID,STATUS_ID,GROUP_ID,PERMISSION) VALUES (9,7,0,'VIEW')
GO
INSERT INTO B_FORM_STATUS_2_GROUP (ID,STATUS_ID,GROUP_ID,PERMISSION) VALUES (8,7,2,'VIEW')
GO
INSERT INTO B_FORM_STATUS_2_GROUP (ID,STATUS_ID,GROUP_ID,PERMISSION) VALUES (22,1,0,'EDIT')
GO
INSERT INTO B_FORM_STATUS_2_GROUP (ID,STATUS_ID,GROUP_ID,PERMISSION) VALUES (21,1,0,'MOVE')
GO
INSERT INTO B_FORM_STATUS_2_GROUP (ID,STATUS_ID,GROUP_ID,PERMISSION) VALUES (20,1,2,'VIEW')
GO
INSERT INTO B_FORM_STATUS_2_GROUP (ID,STATUS_ID,GROUP_ID,PERMISSION) VALUES (19,1,0,'VIEW')
GO
INSERT INTO B_FORM_STATUS_2_GROUP (ID,STATUS_ID,GROUP_ID,PERMISSION) VALUES (23,1,0,'DELETE')
GO
SET IDENTITY_INSERT B_FORM_STATUS_2_GROUP OFF
GO